[2026-05-12 15:34:57] local.ERROR: Command "migrate:seed" is not defined.

Did you mean one of these?
    db:seed
    make:seeder
    migrate
    migrate:fresh
    migrate:install
    migrate:refresh
    migrate:reset
    migrate:rollback
    migrate:status {"exception":"[object] (Symfony\\Component\\Console\\Exception\\CommandNotFoundException(code: 0): Command \"migrate:seed\" is not defined.

Did you mean one of these?
    db:seed
    make:seeder
    migrate
    migrate:fresh
    migrate:install
    migrate:refresh
    migrate:reset
    migrate:rollback
    migrate:status at D:/ASZTAL/Új mappa (5)/SutusRobert_Backend/vendor/symfony/console/Application.php:759)
[stacktrace]
#0 D:/ASZTAL/Új mappa (5)/SutusRobert_Backend/vendor/symfony/console/Application.php(298): Symfony/Component/Console/Application->find()
#1 D:/ASZTAL/Új mappa (5)/SutusRobert_Backend/vendor/symfony/console/Application.php(195): Symfony/Component/Console/Application->doRun()
#2 D:/ASZTAL/Új mappa (5)/SutusRobert_Backend/vendor/laravel/framework/src/Illuminate/Foundation/Console/Kernel.php(198): Symfony/Component/Console/Application->run()
#3 D:/ASZTAL/Új mappa (5)/SutusRobert_Backend/vendor/laravel/framework/src/Illuminate/Foundation/Application.php(1235): Illuminate/Foundation/Console/Kernel->handle()
#4 D:/ASZTAL/Új mappa (5)/SutusRobert_Backend/artisan(16): Illuminate/Foundation/Application->handleCommand()
#5 {main}
"} 
[2026-05-12 15:35:40] local.ERROR: The "-s" option does not exist. {"exception":"[object] (Symfony\\Component\\Console\\Exception\\RuntimeException(code: 0): The \"-s\" option does not exist. at D:/ASZTAL/Új mappa (5)/SutusRobert_Backend/vendor/symfony/console/Input/ArgvInput.php:128)
[stacktrace]
#0 D:/ASZTAL/Új mappa (5)/SutusRobert_Backend/vendor/symfony/console/Input/ArgvInput.php(110): Symfony/Component/Console/Input/ArgvInput->parseShortOptionSet()
#1 D:/ASZTAL/Új mappa (5)/SutusRobert_Backend/vendor/symfony/console/Input/ArgvInput.php(90): Symfony/Component/Console/Input/ArgvInput->parseShortOption()
#2 D:/ASZTAL/Új mappa (5)/SutusRobert_Backend/vendor/symfony/console/Input/ArgvInput.php(77): Symfony/Component/Console/Input/ArgvInput->parseToken()
#3 D:/ASZTAL/Új mappa (5)/SutusRobert_Backend/vendor/symfony/console/Input/Input.php(53): Symfony/Component/Console/Input/ArgvInput->parse()
#4 D:/ASZTAL/Új mappa (5)/SutusRobert_Backend/vendor/symfony/console/Command/Command.php(295): Symfony/Component/Console/Input/Input->bind()
#5 D:/ASZTAL/Új mappa (5)/SutusRobert_Backend/vendor/laravel/framework/src/Illuminate/Console/Command.php(180): Symfony/Component/Console/Command/Command->run()
#6 D:/ASZTAL/Új mappa (5)/SutusRobert_Backend/vendor/symfony/console/Application.php(1117): Illuminate/Console/Command->run()
#7 D:/ASZTAL/Új mappa (5)/SutusRobert_Backend/vendor/symfony/console/Application.php(356): Symfony/Component/Console/Application->doRunCommand()
#8 D:/ASZTAL/Új mappa (5)/SutusRobert_Backend/vendor/symfony/console/Application.php(195): Symfony/Component/Console/Application->doRun()
#9 D:/ASZTAL/Új mappa (5)/SutusRobert_Backend/vendor/laravel/framework/src/Illuminate/Foundation/Console/Kernel.php(198): Symfony/Component/Console/Application->run()
#10 D:/ASZTAL/Új mappa (5)/SutusRobert_Backend/vendor/laravel/framework/src/Illuminate/Foundation/Application.php(1235): Illuminate/Foundation/Console/Kernel->handle()
#11 D:/ASZTAL/Új mappa (5)/SutusRobert_Backend/artisan(16): Illuminate/Foundation/Application->handleCommand()
#12 {main}
"} 
[2026-05-12 15:36:03] local.ERROR: Method Illuminate\Database\Schema\Blueprint::boolval does not exist. {"exception":"[object] (BadMethodCallException(code: 0): Method Illuminate\\Database\\Schema\\Blueprint::boolval does not exist. at D:/ASZTAL/Új mappa (5)/SutusRobert_Backend/vendor/laravel/framework/src/Illuminate/Macroable/Traits/Macroable.php:117)
[stacktrace]
#0 D:/ASZTAL/Új mappa (5)/SutusRobert_Backend/database/migrations/2026_05_12_152320_create_ingatlanok_table.php(19): Illuminate/Database/Schema/Blueprint->__call()
#1 D:/ASZTAL/Új mappa (5)/SutusRobert_Backend/vendor/laravel/framework/src/Illuminate/Database/Schema/Builder.php(509): Illuminate/Database/Migrations/Migration@anonymous->{closure}()
#2 D:/ASZTAL/Új mappa (5)/SutusRobert_Backend/vendor/laravel/framework/src/Illuminate/Support/helpers.php(393): Illuminate/Database/Schema/Builder->Illuminate/Database/Schema/{closure}()
#3 D:/ASZTAL/Új mappa (5)/SutusRobert_Backend/vendor/laravel/framework/src/Illuminate/Database/Schema/Builder.php(506): tap()
#4 D:/ASZTAL/Új mappa (5)/SutusRobert_Backend/vendor/laravel/framework/src/Illuminate/Support/Facades/Facade.php(363): Illuminate/Database/Schema/Builder->create()
#5 D:/ASZTAL/Új mappa (5)/SutusRobert_Backend/database/migrations/2026_05_12_152320_create_ingatlanok_table.php(14): Illuminate/Support/Facades/Facade::__callStatic()
#6 D:/ASZTAL/Új mappa (5)/SutusRobert_Backend/vendor/laravel/framework/src/Illuminate/Database/Migrations/Migrator.php(517): Illuminate/Database/Migrations/Migration@anonymous->up()
#7 D:/ASZTAL/Új mappa (5)/SutusRobert_Backend/vendor/laravel/framework/src/Illuminate/Database/Migrations/Migrator.php(442): Illuminate/Database/Migrations/Migrator->runMethod()
#8 D:/ASZTAL/Új mappa (5)/SutusRobert_Backend/vendor/laravel/framework/src/Illuminate/Database/Migrations/Migrator.php(451): Illuminate/Database/Migrations/Migrator->Illuminate/Database/Migrations/{closure}()
#9 D:/ASZTAL/Új mappa (5)/SutusRobert_Backend/vendor/laravel/framework/src/Illuminate/Database/Migrations/Migrator.php(253): Illuminate/Database/Migrations/Migrator->runMigration()
#10 D:/ASZTAL/Új mappa (5)/SutusRobert_Backend/vendor/laravel/framework/src/Illuminate/Console/View/Components/Task.php(41): Illuminate/Database/Migrations/Migrator->Illuminate/Database/Migrations/{closure}()
#11 D:/ASZTAL/Új mappa (5)/SutusRobert_Backend/vendor/laravel/framework/src/Illuminate/Database/Migrations/Migrator.php(814): Illuminate/Console/View/Components/Task->render()
#12 D:/ASZTAL/Új mappa (5)/SutusRobert_Backend/vendor/laravel/framework/src/Illuminate/Database/Migrations/Migrator.php(253): Illuminate/Database/Migrations/Migrator->write()
#13 D:/ASZTAL/Új mappa (5)/SutusRobert_Backend/vendor/laravel/framework/src/Illuminate/Database/Migrations/Migrator.php(211): Illuminate/Database/Migrations/Migrator->runUp()
#14 D:/ASZTAL/Új mappa (5)/SutusRobert_Backend/vendor/laravel/framework/src/Illuminate/Database/Migrations/Migrator.php(138): Illuminate/Database/Migrations/Migrator->runPending()
#15 D:/ASZTAL/Új mappa (5)/SutusRobert_Backend/vendor/laravel/framework/src/Illuminate/Database/Console/Migrations/MigrateCommand.php(116): Illuminate/Database/Migrations/Migrator->run()
#16 D:/ASZTAL/Új mappa (5)/SutusRobert_Backend/vendor/laravel/framework/src/Illuminate/Database/Migrations/Migrator.php(671): Illuminate/Database/Console/Migrations/MigrateCommand->Illuminate/Database/Console/Migrations/{closure}()
#17 D:/ASZTAL/Új mappa (5)/SutusRobert_Backend/vendor/laravel/framework/src/Illuminate/Database/Console/Migrations/MigrateCommand.php(109): Illuminate/Database/Migrations/Migrator->usingConnection()
#18 D:/ASZTAL/Új mappa (5)/SutusRobert_Backend/vendor/laravel/framework/src/Illuminate/Database/Console/Migrations/MigrateCommand.php(88): Illuminate/Database/Console/Migrations/MigrateCommand->runMigrations()
#19 D:/ASZTAL/Új mappa (5)/SutusRobert_Backend/vendor/laravel/framework/src/Illuminate/Container/BoundMethod.php(36): Illuminate/Database/Console/Migrations/MigrateCommand->handle()
#20 D:/ASZTAL/Új mappa (5)/SutusRobert_Backend/vendor/laravel/framework/src/Illuminate/Container/Util.php(43): Illuminate/Container/BoundMethod::Illuminate/Container/{closure}()
#21 D:/ASZTAL/Új mappa (5)/SutusRobert_Backend/vendor/laravel/framework/src/Illuminate/Container/BoundMethod.php(96): Illuminate/Container/Util::unwrapIfClosure()
#22 D:/ASZTAL/Új mappa (5)/SutusRobert_Backend/vendor/laravel/framework/src/Illuminate/Container/BoundMethod.php(35): Illuminate/Container/BoundMethod::callBoundMethod()
#23 D:/ASZTAL/Új mappa (5)/SutusRobert_Backend/vendor/laravel/framework/src/Illuminate/Container/Container.php(799): Illuminate/Container/BoundMethod::call()
#24 D:/ASZTAL/Új mappa (5)/SutusRobert_Backend/vendor/laravel/framework/src/Illuminate/Console/Command.php(211): Illuminate/Container/Container->call()
#25 D:/ASZTAL/Új mappa (5)/SutusRobert_Backend/vendor/symfony/console/Command/Command.php(341): Illuminate/Console/Command->execute()
#26 D:/ASZTAL/Új mappa (5)/SutusRobert_Backend/vendor/laravel/framework/src/Illuminate/Console/Command.php(180): Symfony/Component/Console/Command/Command->run()
#27 D:/ASZTAL/Új mappa (5)/SutusRobert_Backend/vendor/symfony/console/Application.php(1117): Illuminate/Console/Command->run()
#28 D:/ASZTAL/Új mappa (5)/SutusRobert_Backend/vendor/symfony/console/Application.php(356): Symfony/Component/Console/Application->doRunCommand()
#29 D:/ASZTAL/Új mappa (5)/SutusRobert_Backend/vendor/symfony/console/Application.php(195): Symfony/Component/Console/Application->doRun()
#30 D:/ASZTAL/Új mappa (5)/SutusRobert_Backend/vendor/laravel/framework/src/Illuminate/Foundation/Console/Kernel.php(198): Symfony/Component/Console/Application->run()
#31 D:/ASZTAL/Új mappa (5)/SutusRobert_Backend/vendor/laravel/framework/src/Illuminate/Foundation/Application.php(1235): Illuminate/Foundation/Console/Kernel->handle()
#32 D:/ASZTAL/Új mappa (5)/SutusRobert_Backend/artisan(16): Illuminate/Foundation/Application->handleCommand()
#33 {main}
"} 
[2026-05-12 15:37:45] local.ERROR: SQLSTATE[HY000]: General error: 1824 Failed to open the referenced table 'kategoriak' (Connection: mysql, Host: 127.0.0.1, Port: 3306, Database: Ingatlan, SQL: alter table `ingatlanok` add constraint `ingatlanok_kategoria_foreign` foreign key (`kategoria`) references `kategoriak` (`id`)) {"exception":"[object] (Illuminate\\Database\\QueryException(code: HY000): SQLSTATE[HY000]: General error: 1824 Failed to open the referenced table 'kategoriak' (Connection: mysql, Host: 127.0.0.1, Port: 3306, Database: Ingatlan, SQL: alter table `ingatlanok` add constraint `ingatlanok_kategoria_foreign` foreign key (`kategoria`) references `kategoriak` (`id`)) at D:/ASZTAL/Új mappa (5)/SutusRobert_Backend/vendor/laravel/framework/src/Illuminate/Database/Connection.php:838)
[stacktrace]
#0 D:/ASZTAL/Új mappa (5)/SutusRobert_Backend/vendor/laravel/framework/src/Illuminate/Database/Connection.php(794): Illuminate/Database/Connection->runQueryCallback()
#1 D:/ASZTAL/Új mappa (5)/SutusRobert_Backend/vendor/laravel/framework/src/Illuminate/Database/Connection.php(573): Illuminate/Database/Connection->run()
#2 D:/ASZTAL/Új mappa (5)/SutusRobert_Backend/vendor/laravel/framework/src/Illuminate/Database/Schema/Blueprint.php(121): Illuminate/Database/Connection->statement()
#3 D:/ASZTAL/Új mappa (5)/SutusRobert_Backend/vendor/laravel/framework/src/Illuminate/Database/Schema/Builder.php(686): Illuminate/Database/Schema/Blueprint->build()
#4 D:/ASZTAL/Új mappa (5)/SutusRobert_Backend/vendor/laravel/framework/src/Illuminate/Database/Schema/Builder.php(506): Illuminate/Database/Schema/Builder->build()
#5 D:/ASZTAL/Új mappa (5)/SutusRobert_Backend/vendor/laravel/framework/src/Illuminate/Support/Facades/Facade.php(363): Illuminate/Database/Schema/Builder->create()
#6 D:/ASZTAL/Új mappa (5)/SutusRobert_Backend/database/migrations/2026_05_12_152320_create_ingatlanok_table.php(14): Illuminate/Support/Facades/Facade::__callStatic()
#7 D:/ASZTAL/Új mappa (5)/SutusRobert_Backend/vendor/laravel/framework/src/Illuminate/Database/Migrations/Migrator.php(517): Illuminate/Database/Migrations/Migration@anonymous->up()
#8 D:/ASZTAL/Új mappa (5)/SutusRobert_Backend/vendor/laravel/framework/src/Illuminate/Database/Migrations/Migrator.php(442): Illuminate/Database/Migrations/Migrator->runMethod()
#9 D:/ASZTAL/Új mappa (5)/SutusRobert_Backend/vendor/laravel/framework/src/Illuminate/Database/Migrations/Migrator.php(451): Illuminate/Database/Migrations/Migrator->Illuminate/Database/Migrations/{closure}()
#10 D:/ASZTAL/Új mappa (5)/SutusRobert_Backend/vendor/laravel/framework/src/Illuminate/Database/Migrations/Migrator.php(253): Illuminate/Database/Migrations/Migrator->runMigration()
#11 D:/ASZTAL/Új mappa (5)/SutusRobert_Backend/vendor/laravel/framework/src/Illuminate/Console/View/Components/Task.php(41): Illuminate/Database/Migrations/Migrator->Illuminate/Database/Migrations/{closure}()
#12 D:/ASZTAL/Új mappa (5)/SutusRobert_Backend/vendor/laravel/framework/src/Illuminate/Database/Migrations/Migrator.php(814): Illuminate/Console/View/Components/Task->render()
#13 D:/ASZTAL/Új mappa (5)/SutusRobert_Backend/vendor/laravel/framework/src/Illuminate/Database/Migrations/Migrator.php(253): Illuminate/Database/Migrations/Migrator->write()
#14 D:/ASZTAL/Új mappa (5)/SutusRobert_Backend/vendor/laravel/framework/src/Illuminate/Database/Migrations/Migrator.php(211): Illuminate/Database/Migrations/Migrator->runUp()
#15 D:/ASZTAL/Új mappa (5)/SutusRobert_Backend/vendor/laravel/framework/src/Illuminate/Database/Migrations/Migrator.php(138): Illuminate/Database/Migrations/Migrator->runPending()
#16 D:/ASZTAL/Új mappa (5)/SutusRobert_Backend/vendor/laravel/framework/src/Illuminate/Database/Console/Migrations/MigrateCommand.php(116): Illuminate/Database/Migrations/Migrator->run()
#17 D:/ASZTAL/Új mappa (5)/SutusRobert_Backend/vendor/laravel/framework/src/Illuminate/Database/Migrations/Migrator.php(671): Illuminate/Database/Console/Migrations/MigrateCommand->Illuminate/Database/Console/Migrations/{closure}()
#18 D:/ASZTAL/Új mappa (5)/SutusRobert_Backend/vendor/laravel/framework/src/Illuminate/Database/Console/Migrations/MigrateCommand.php(109): Illuminate/Database/Migrations/Migrator->usingConnection()
#19 D:/ASZTAL/Új mappa (5)/SutusRobert_Backend/vendor/laravel/framework/src/Illuminate/Database/Console/Migrations/MigrateCommand.php(88): Illuminate/Database/Console/Migrations/MigrateCommand->runMigrations()
#20 D:/ASZTAL/Új mappa (5)/SutusRobert_Backend/vendor/laravel/framework/src/Illuminate/Container/BoundMethod.php(36): Illuminate/Database/Console/Migrations/MigrateCommand->handle()
#21 D:/ASZTAL/Új mappa (5)/SutusRobert_Backend/vendor/laravel/framework/src/Illuminate/Container/Util.php(43): Illuminate/Container/BoundMethod::Illuminate/Container/{closure}()
#22 D:/ASZTAL/Új mappa (5)/SutusRobert_Backend/vendor/laravel/framework/src/Illuminate/Container/BoundMethod.php(96): Illuminate/Container/Util::unwrapIfClosure()
#23 D:/ASZTAL/Új mappa (5)/SutusRobert_Backend/vendor/laravel/framework/src/Illuminate/Container/BoundMethod.php(35): Illuminate/Container/BoundMethod::callBoundMethod()
#24 D:/ASZTAL/Új mappa (5)/SutusRobert_Backend/vendor/laravel/framework/src/Illuminate/Container/Container.php(799): Illuminate/Container/BoundMethod::call()
#25 D:/ASZTAL/Új mappa (5)/SutusRobert_Backend/vendor/laravel/framework/src/Illuminate/Console/Command.php(211): Illuminate/Container/Container->call()
#26 D:/ASZTAL/Új mappa (5)/SutusRobert_Backend/vendor/symfony/console/Command/Command.php(341): Illuminate/Console/Command->execute()
#27 D:/ASZTAL/Új mappa (5)/SutusRobert_Backend/vendor/laravel/framework/src/Illuminate/Console/Command.php(180): Symfony/Component/Console/Command/Command->run()
#28 D:/ASZTAL/Új mappa (5)/SutusRobert_Backend/vendor/symfony/console/Application.php(1117): Illuminate/Console/Command->run()
#29 D:/ASZTAL/Új mappa (5)/SutusRobert_Backend/vendor/symfony/console/Application.php(356): Symfony/Component/Console/Application->doRunCommand()
#30 D:/ASZTAL/Új mappa (5)/SutusRobert_Backend/vendor/symfony/console/Application.php(195): Symfony/Component/Console/Application->doRun()
#31 D:/ASZTAL/Új mappa (5)/SutusRobert_Backend/vendor/laravel/framework/src/Illuminate/Foundation/Console/Kernel.php(198): Symfony/Component/Console/Application->run()
#32 D:/ASZTAL/Új mappa (5)/SutusRobert_Backend/vendor/laravel/framework/src/Illuminate/Foundation/Application.php(1235): Illuminate/Foundation/Console/Kernel->handle()
#33 D:/ASZTAL/Új mappa (5)/SutusRobert_Backend/artisan(16): Illuminate/Foundation/Application->handleCommand()
#34 {main}

[previous exception] [object] (PDOException(code: HY000): SQLSTATE[HY000]: General error: 1824 Failed to open the referenced table 'kategoriak' at D:/ASZTAL/Új mappa (5)/SutusRobert_Backend/vendor/laravel/framework/src/Illuminate/Database/Connection.php:584)
[stacktrace]
#0 D:/ASZTAL/Új mappa (5)/SutusRobert_Backend/vendor/laravel/framework/src/Illuminate/Database/Connection.php(584): PDOStatement->execute()
#1 D:/ASZTAL/Új mappa (5)/SutusRobert_Backend/vendor/laravel/framework/src/Illuminate/Database/Connection.php(827): Illuminate/Database/Connection->Illuminate/Database/{closure}()
#2 D:/ASZTAL/Új mappa (5)/SutusRobert_Backend/vendor/laravel/framework/src/Illuminate/Database/Connection.php(794): Illuminate/Database/Connection->runQueryCallback()
#3 D:/ASZTAL/Új mappa (5)/SutusRobert_Backend/vendor/laravel/framework/src/Illuminate/Database/Connection.php(573): Illuminate/Database/Connection->run()
#4 D:/ASZTAL/Új mappa (5)/SutusRobert_Backend/vendor/laravel/framework/src/Illuminate/Database/Schema/Blueprint.php(121): Illuminate/Database/Connection->statement()
#5 D:/ASZTAL/Új mappa (5)/SutusRobert_Backend/vendor/laravel/framework/src/Illuminate/Database/Schema/Builder.php(686): Illuminate/Database/Schema/Blueprint->build()
#6 D:/ASZTAL/Új mappa (5)/SutusRobert_Backend/vendor/laravel/framework/src/Illuminate/Database/Schema/Builder.php(506): Illuminate/Database/Schema/Builder->build()
#7 D:/ASZTAL/Új mappa (5)/SutusRobert_Backend/vendor/laravel/framework/src/Illuminate/Support/Facades/Facade.php(363): Illuminate/Database/Schema/Builder->create()
#8 D:/ASZTAL/Új mappa (5)/SutusRobert_Backend/database/migrations/2026_05_12_152320_create_ingatlanok_table.php(14): Illuminate/Support/Facades/Facade::__callStatic()
#9 D:/ASZTAL/Új mappa (5)/SutusRobert_Backend/vendor/laravel/framework/src/Illuminate/Database/Migrations/Migrator.php(517): Illuminate/Database/Migrations/Migration@anonymous->up()
#10 D:/ASZTAL/Új mappa (5)/SutusRobert_Backend/vendor/laravel/framework/src/Illuminate/Database/Migrations/Migrator.php(442): Illuminate/Database/Migrations/Migrator->runMethod()
#11 D:/ASZTAL/Új mappa (5)/SutusRobert_Backend/vendor/laravel/framework/src/Illuminate/Database/Migrations/Migrator.php(451): Illuminate/Database/Migrations/Migrator->Illuminate/Database/Migrations/{closure}()
#12 D:/ASZTAL/Új mappa (5)/SutusRobert_Backend/vendor/laravel/framework/src/Illuminate/Database/Migrations/Migrator.php(253): Illuminate/Database/Migrations/Migrator->runMigration()
#13 D:/ASZTAL/Új mappa (5)/SutusRobert_Backend/vendor/laravel/framework/src/Illuminate/Console/View/Components/Task.php(41): Illuminate/Database/Migrations/Migrator->Illuminate/Database/Migrations/{closure}()
#14 D:/ASZTAL/Új mappa (5)/SutusRobert_Backend/vendor/laravel/framework/src/Illuminate/Database/Migrations/Migrator.php(814): Illuminate/Console/View/Components/Task->render()
#15 D:/ASZTAL/Új mappa (5)/SutusRobert_Backend/vendor/laravel/framework/src/Illuminate/Database/Migrations/Migrator.php(253): Illuminate/Database/Migrations/Migrator->write()
#16 D:/ASZTAL/Új mappa (5)/SutusRobert_Backend/vendor/laravel/framework/src/Illuminate/Database/Migrations/Migrator.php(211): Illuminate/Database/Migrations/Migrator->runUp()
#17 D:/ASZTAL/Új mappa (5)/SutusRobert_Backend/vendor/laravel/framework/src/Illuminate/Database/Migrations/Migrator.php(138): Illuminate/Database/Migrations/Migrator->runPending()
#18 D:/ASZTAL/Új mappa (5)/SutusRobert_Backend/vendor/laravel/framework/src/Illuminate/Database/Console/Migrations/MigrateCommand.php(116): Illuminate/Database/Migrations/Migrator->run()
#19 D:/ASZTAL/Új mappa (5)/SutusRobert_Backend/vendor/laravel/framework/src/Illuminate/Database/Migrations/Migrator.php(671): Illuminate/Database/Console/Migrations/MigrateCommand->Illuminate/Database/Console/Migrations/{closure}()
#20 D:/ASZTAL/Új mappa (5)/SutusRobert_Backend/vendor/laravel/framework/src/Illuminate/Database/Console/Migrations/MigrateCommand.php(109): Illuminate/Database/Migrations/Migrator->usingConnection()
#21 D:/ASZTAL/Új mappa (5)/SutusRobert_Backend/vendor/laravel/framework/src/Illuminate/Database/Console/Migrations/MigrateCommand.php(88): Illuminate/Database/Console/Migrations/MigrateCommand->runMigrations()
#22 D:/ASZTAL/Új mappa (5)/SutusRobert_Backend/vendor/laravel/framework/src/Illuminate/Container/BoundMethod.php(36): Illuminate/Database/Console/Migrations/MigrateCommand->handle()
#23 D:/ASZTAL/Új mappa (5)/SutusRobert_Backend/vendor/laravel/framework/src/Illuminate/Container/Util.php(43): Illuminate/Container/BoundMethod::Illuminate/Container/{closure}()
#24 D:/ASZTAL/Új mappa (5)/SutusRobert_Backend/vendor/laravel/framework/src/Illuminate/Container/BoundMethod.php(96): Illuminate/Container/Util::unwrapIfClosure()
#25 D:/ASZTAL/Új mappa (5)/SutusRobert_Backend/vendor/laravel/framework/src/Illuminate/Container/BoundMethod.php(35): Illuminate/Container/BoundMethod::callBoundMethod()
#26 D:/ASZTAL/Új mappa (5)/SutusRobert_Backend/vendor/laravel/framework/src/Illuminate/Container/Container.php(799): Illuminate/Container/BoundMethod::call()
#27 D:/ASZTAL/Új mappa (5)/SutusRobert_Backend/vendor/laravel/framework/src/Illuminate/Console/Command.php(211): Illuminate/Container/Container->call()
#28 D:/ASZTAL/Új mappa (5)/SutusRobert_Backend/vendor/symfony/console/Command/Command.php(341): Illuminate/Console/Command->execute()
#29 D:/ASZTAL/Új mappa (5)/SutusRobert_Backend/vendor/laravel/framework/src/Illuminate/Console/Command.php(180): Symfony/Component/Console/Command/Command->run()
#30 D:/ASZTAL/Új mappa (5)/SutusRobert_Backend/vendor/symfony/console/Application.php(1117): Illuminate/Console/Command->run()
#31 D:/ASZTAL/Új mappa (5)/SutusRobert_Backend/vendor/symfony/console/Application.php(356): Symfony/Component/Console/Application->doRunCommand()
#32 D:/ASZTAL/Új mappa (5)/SutusRobert_Backend/vendor/symfony/console/Application.php(195): Symfony/Component/Console/Application->doRun()
#33 D:/ASZTAL/Új mappa (5)/SutusRobert_Backend/vendor/laravel/framework/src/Illuminate/Foundation/Console/Kernel.php(198): Symfony/Component/Console/Application->run()
#34 D:/ASZTAL/Új mappa (5)/SutusRobert_Backend/vendor/laravel/framework/src/Illuminate/Foundation/Application.php(1235): Illuminate/Foundation/Console/Kernel->handle()
#35 D:/ASZTAL/Új mappa (5)/SutusRobert_Backend/artisan(16): Illuminate/Foundation/Application->handleCommand()
#36 {main}
"} 
[2026-05-12 15:39:18] local.ERROR: SQLSTATE[42S01]: Base table or view already exists: 1050 Table 'ingatlanok' already exists (Connection: mysql, Host: 127.0.0.1, Port: 3306, Database: Ingatlan, SQL: create table `ingatlanok` (`id` bigint unsigned not null auto_increment primary key, `kategoria` bigint unsigned not null, `leiras` varchar(255) null, `hirdetesDatuma` date null default (CURDATE()), `tehermentes` tinyint(1) not null, `ar` int not null, `kepUrl` varchar(255) null) default character set utf8mb4 collate 'utf8mb4_unicode_ci') {"exception":"[object] (Illuminate\\Database\\QueryException(code: 42S01): SQLSTATE[42S01]: Base table or view already exists: 1050 Table 'ingatlanok' already exists (Connection: mysql, Host: 127.0.0.1, Port: 3306, Database: Ingatlan, SQL: create table `ingatlanok` (`id` bigint unsigned not null auto_increment primary key, `kategoria` bigint unsigned not null, `leiras` varchar(255) null, `hirdetesDatuma` date null default (CURDATE()), `tehermentes` tinyint(1) not null, `ar` int not null, `kepUrl` varchar(255) null) default character set utf8mb4 collate 'utf8mb4_unicode_ci') at D:/ASZTAL/Új mappa (5)/SutusRobert_Backend/vendor/laravel/framework/src/Illuminate/Database/Connection.php:838)
[stacktrace]
#0 D:/ASZTAL/Új mappa (5)/SutusRobert_Backend/vendor/laravel/framework/src/Illuminate/Database/Connection.php(794): Illuminate/Database/Connection->runQueryCallback()
#1 D:/ASZTAL/Új mappa (5)/SutusRobert_Backend/vendor/laravel/framework/src/Illuminate/Database/Connection.php(573): Illuminate/Database/Connection->run()
#2 D:/ASZTAL/Új mappa (5)/SutusRobert_Backend/vendor/laravel/framework/src/Illuminate/Database/Schema/Blueprint.php(121): Illuminate/Database/Connection->statement()
#3 D:/ASZTAL/Új mappa (5)/SutusRobert_Backend/vendor/laravel/framework/src/Illuminate/Database/Schema/Builder.php(686): Illuminate/Database/Schema/Blueprint->build()
#4 D:/ASZTAL/Új mappa (5)/SutusRobert_Backend/vendor/laravel/framework/src/Illuminate/Database/Schema/Builder.php(506): Illuminate/Database/Schema/Builder->build()
#5 D:/ASZTAL/Új mappa (5)/SutusRobert_Backend/vendor/laravel/framework/src/Illuminate/Support/Facades/Facade.php(363): Illuminate/Database/Schema/Builder->create()
#6 D:/ASZTAL/Új mappa (5)/SutusRobert_Backend/database/migrations/2026_05_12_152320_create_ingatlanok_table.php(14): Illuminate/Support/Facades/Facade::__callStatic()
#7 D:/ASZTAL/Új mappa (5)/SutusRobert_Backend/vendor/laravel/framework/src/Illuminate/Database/Migrations/Migrator.php(517): Illuminate/Database/Migrations/Migration@anonymous->up()
#8 D:/ASZTAL/Új mappa (5)/SutusRobert_Backend/vendor/laravel/framework/src/Illuminate/Database/Migrations/Migrator.php(442): Illuminate/Database/Migrations/Migrator->runMethod()
#9 D:/ASZTAL/Új mappa (5)/SutusRobert_Backend/vendor/laravel/framework/src/Illuminate/Database/Migrations/Migrator.php(451): Illuminate/Database/Migrations/Migrator->Illuminate/Database/Migrations/{closure}()
#10 D:/ASZTAL/Új mappa (5)/SutusRobert_Backend/vendor/laravel/framework/src/Illuminate/Database/Migrations/Migrator.php(253): Illuminate/Database/Migrations/Migrator->runMigration()
#11 D:/ASZTAL/Új mappa (5)/SutusRobert_Backend/vendor/laravel/framework/src/Illuminate/Console/View/Components/Task.php(41): Illuminate/Database/Migrations/Migrator->Illuminate/Database/Migrations/{closure}()
#12 D:/ASZTAL/Új mappa (5)/SutusRobert_Backend/vendor/laravel/framework/src/Illuminate/Database/Migrations/Migrator.php(814): Illuminate/Console/View/Components/Task->render()
#13 D:/ASZTAL/Új mappa (5)/SutusRobert_Backend/vendor/laravel/framework/src/Illuminate/Database/Migrations/Migrator.php(253): Illuminate/Database/Migrations/Migrator->write()
#14 D:/ASZTAL/Új mappa (5)/SutusRobert_Backend/vendor/laravel/framework/src/Illuminate/Database/Migrations/Migrator.php(211): Illuminate/Database/Migrations/Migrator->runUp()
#15 D:/ASZTAL/Új mappa (5)/SutusRobert_Backend/vendor/laravel/framework/src/Illuminate/Database/Migrations/Migrator.php(138): Illuminate/Database/Migrations/Migrator->runPending()
#16 D:/ASZTAL/Új mappa (5)/SutusRobert_Backend/vendor/laravel/framework/src/Illuminate/Database/Console/Migrations/MigrateCommand.php(116): Illuminate/Database/Migrations/Migrator->run()
#17 D:/ASZTAL/Új mappa (5)/SutusRobert_Backend/vendor/laravel/framework/src/Illuminate/Database/Migrations/Migrator.php(671): Illuminate/Database/Console/Migrations/MigrateCommand->Illuminate/Database/Console/Migrations/{closure}()
#18 D:/ASZTAL/Új mappa (5)/SutusRobert_Backend/vendor/laravel/framework/src/Illuminate/Database/Console/Migrations/MigrateCommand.php(109): Illuminate/Database/Migrations/Migrator->usingConnection()
#19 D:/ASZTAL/Új mappa (5)/SutusRobert_Backend/vendor/laravel/framework/src/Illuminate/Database/Console/Migrations/MigrateCommand.php(88): Illuminate/Database/Console/Migrations/MigrateCommand->runMigrations()
#20 D:/ASZTAL/Új mappa (5)/SutusRobert_Backend/vendor/laravel/framework/src/Illuminate/Container/BoundMethod.php(36): Illuminate/Database/Console/Migrations/MigrateCommand->handle()
#21 D:/ASZTAL/Új mappa (5)/SutusRobert_Backend/vendor/laravel/framework/src/Illuminate/Container/Util.php(43): Illuminate/Container/BoundMethod::Illuminate/Container/{closure}()
#22 D:/ASZTAL/Új mappa (5)/SutusRobert_Backend/vendor/laravel/framework/src/Illuminate/Container/BoundMethod.php(96): Illuminate/Container/Util::unwrapIfClosure()
#23 D:/ASZTAL/Új mappa (5)/SutusRobert_Backend/vendor/laravel/framework/src/Illuminate/Container/BoundMethod.php(35): Illuminate/Container/BoundMethod::callBoundMethod()
#24 D:/ASZTAL/Új mappa (5)/SutusRobert_Backend/vendor/laravel/framework/src/Illuminate/Container/Container.php(799): Illuminate/Container/BoundMethod::call()
#25 D:/ASZTAL/Új mappa (5)/SutusRobert_Backend/vendor/laravel/framework/src/Illuminate/Console/Command.php(211): Illuminate/Container/Container->call()
#26 D:/ASZTAL/Új mappa (5)/SutusRobert_Backend/vendor/symfony/console/Command/Command.php(341): Illuminate/Console/Command->execute()
#27 D:/ASZTAL/Új mappa (5)/SutusRobert_Backend/vendor/laravel/framework/src/Illuminate/Console/Command.php(180): Symfony/Component/Console/Command/Command->run()
#28 D:/ASZTAL/Új mappa (5)/SutusRobert_Backend/vendor/symfony/console/Application.php(1117): Illuminate/Console/Command->run()
#29 D:/ASZTAL/Új mappa (5)/SutusRobert_Backend/vendor/symfony/console/Application.php(356): Symfony/Component/Console/Application->doRunCommand()
#30 D:/ASZTAL/Új mappa (5)/SutusRobert_Backend/vendor/symfony/console/Application.php(195): Symfony/Component/Console/Application->doRun()
#31 D:/ASZTAL/Új mappa (5)/SutusRobert_Backend/vendor/laravel/framework/src/Illuminate/Foundation/Console/Kernel.php(198): Symfony/Component/Console/Application->run()
#32 D:/ASZTAL/Új mappa (5)/SutusRobert_Backend/vendor/laravel/framework/src/Illuminate/Foundation/Application.php(1235): Illuminate/Foundation/Console/Kernel->handle()
#33 D:/ASZTAL/Új mappa (5)/SutusRobert_Backend/artisan(16): Illuminate/Foundation/Application->handleCommand()
#34 {main}

[previous exception] [object] (PDOException(code: 42S01): SQLSTATE[42S01]: Base table or view already exists: 1050 Table 'ingatlanok' already exists at D:/ASZTAL/Új mappa (5)/SutusRobert_Backend/vendor/laravel/framework/src/Illuminate/Database/Connection.php:584)
[stacktrace]
#0 D:/ASZTAL/Új mappa (5)/SutusRobert_Backend/vendor/laravel/framework/src/Illuminate/Database/Connection.php(584): PDOStatement->execute()
#1 D:/ASZTAL/Új mappa (5)/SutusRobert_Backend/vendor/laravel/framework/src/Illuminate/Database/Connection.php(827): Illuminate/Database/Connection->Illuminate/Database/{closure}()
#2 D:/ASZTAL/Új mappa (5)/SutusRobert_Backend/vendor/laravel/framework/src/Illuminate/Database/Connection.php(794): Illuminate/Database/Connection->runQueryCallback()
#3 D:/ASZTAL/Új mappa (5)/SutusRobert_Backend/vendor/laravel/framework/src/Illuminate/Database/Connection.php(573): Illuminate/Database/Connection->run()
#4 D:/ASZTAL/Új mappa (5)/SutusRobert_Backend/vendor/laravel/framework/src/Illuminate/Database/Schema/Blueprint.php(121): Illuminate/Database/Connection->statement()
#5 D:/ASZTAL/Új mappa (5)/SutusRobert_Backend/vendor/laravel/framework/src/Illuminate/Database/Schema/Builder.php(686): Illuminate/Database/Schema/Blueprint->build()
#6 D:/ASZTAL/Új mappa (5)/SutusRobert_Backend/vendor/laravel/framework/src/Illuminate/Database/Schema/Builder.php(506): Illuminate/Database/Schema/Builder->build()
#7 D:/ASZTAL/Új mappa (5)/SutusRobert_Backend/vendor/laravel/framework/src/Illuminate/Support/Facades/Facade.php(363): Illuminate/Database/Schema/Builder->create()
#8 D:/ASZTAL/Új mappa (5)/SutusRobert_Backend/database/migrations/2026_05_12_152320_create_ingatlanok_table.php(14): Illuminate/Support/Facades/Facade::__callStatic()
#9 D:/ASZTAL/Új mappa (5)/SutusRobert_Backend/vendor/laravel/framework/src/Illuminate/Database/Migrations/Migrator.php(517): Illuminate/Database/Migrations/Migration@anonymous->up()
#10 D:/ASZTAL/Új mappa (5)/SutusRobert_Backend/vendor/laravel/framework/src/Illuminate/Database/Migrations/Migrator.php(442): Illuminate/Database/Migrations/Migrator->runMethod()
#11 D:/ASZTAL/Új mappa (5)/SutusRobert_Backend/vendor/laravel/framework/src/Illuminate/Database/Migrations/Migrator.php(451): Illuminate/Database/Migrations/Migrator->Illuminate/Database/Migrations/{closure}()
#12 D:/ASZTAL/Új mappa (5)/SutusRobert_Backend/vendor/laravel/framework/src/Illuminate/Database/Migrations/Migrator.php(253): Illuminate/Database/Migrations/Migrator->runMigration()
#13 D:/ASZTAL/Új mappa (5)/SutusRobert_Backend/vendor/laravel/framework/src/Illuminate/Console/View/Components/Task.php(41): Illuminate/Database/Migrations/Migrator->Illuminate/Database/Migrations/{closure}()
#14 D:/ASZTAL/Új mappa (5)/SutusRobert_Backend/vendor/laravel/framework/src/Illuminate/Database/Migrations/Migrator.php(814): Illuminate/Console/View/Components/Task->render()
#15 D:/ASZTAL/Új mappa (5)/SutusRobert_Backend/vendor/laravel/framework/src/Illuminate/Database/Migrations/Migrator.php(253): Illuminate/Database/Migrations/Migrator->write()
#16 D:/ASZTAL/Új mappa (5)/SutusRobert_Backend/vendor/laravel/framework/src/Illuminate/Database/Migrations/Migrator.php(211): Illuminate/Database/Migrations/Migrator->runUp()
#17 D:/ASZTAL/Új mappa (5)/SutusRobert_Backend/vendor/laravel/framework/src/Illuminate/Database/Migrations/Migrator.php(138): Illuminate/Database/Migrations/Migrator->runPending()
#18 D:/ASZTAL/Új mappa (5)/SutusRobert_Backend/vendor/laravel/framework/src/Illuminate/Database/Console/Migrations/MigrateCommand.php(116): Illuminate/Database/Migrations/Migrator->run()
#19 D:/ASZTAL/Új mappa (5)/SutusRobert_Backend/vendor/laravel/framework/src/Illuminate/Database/Migrations/Migrator.php(671): Illuminate/Database/Console/Migrations/MigrateCommand->Illuminate/Database/Console/Migrations/{closure}()
#20 D:/ASZTAL/Új mappa (5)/SutusRobert_Backend/vendor/laravel/framework/src/Illuminate/Database/Console/Migrations/MigrateCommand.php(109): Illuminate/Database/Migrations/Migrator->usingConnection()
#21 D:/ASZTAL/Új mappa (5)/SutusRobert_Backend/vendor/laravel/framework/src/Illuminate/Database/Console/Migrations/MigrateCommand.php(88): Illuminate/Database/Console/Migrations/MigrateCommand->runMigrations()
#22 D:/ASZTAL/Új mappa (5)/SutusRobert_Backend/vendor/laravel/framework/src/Illuminate/Container/BoundMethod.php(36): Illuminate/Database/Console/Migrations/MigrateCommand->handle()
#23 D:/ASZTAL/Új mappa (5)/SutusRobert_Backend/vendor/laravel/framework/src/Illuminate/Container/Util.php(43): Illuminate/Container/BoundMethod::Illuminate/Container/{closure}()
#24 D:/ASZTAL/Új mappa (5)/SutusRobert_Backend/vendor/laravel/framework/src/Illuminate/Container/BoundMethod.php(96): Illuminate/Container/Util::unwrapIfClosure()
#25 D:/ASZTAL/Új mappa (5)/SutusRobert_Backend/vendor/laravel/framework/src/Illuminate/Container/BoundMethod.php(35): Illuminate/Container/BoundMethod::callBoundMethod()
#26 D:/ASZTAL/Új mappa (5)/SutusRobert_Backend/vendor/laravel/framework/src/Illuminate/Container/Container.php(799): Illuminate/Container/BoundMethod::call()
#27 D:/ASZTAL/Új mappa (5)/SutusRobert_Backend/vendor/laravel/framework/src/Illuminate/Console/Command.php(211): Illuminate/Container/Container->call()
#28 D:/ASZTAL/Új mappa (5)/SutusRobert_Backend/vendor/symfony/console/Command/Command.php(341): Illuminate/Console/Command->execute()
#29 D:/ASZTAL/Új mappa (5)/SutusRobert_Backend/vendor/laravel/framework/src/Illuminate/Console/Command.php(180): Symfony/Component/Console/Command/Command->run()
#30 D:/ASZTAL/Új mappa (5)/SutusRobert_Backend/vendor/symfony/console/Application.php(1117): Illuminate/Console/Command->run()
#31 D:/ASZTAL/Új mappa (5)/SutusRobert_Backend/vendor/symfony/console/Application.php(356): Symfony/Component/Console/Application->doRunCommand()
#32 D:/ASZTAL/Új mappa (5)/SutusRobert_Backend/vendor/symfony/console/Application.php(195): Symfony/Component/Console/Application->doRun()
#33 D:/ASZTAL/Új mappa (5)/SutusRobert_Backend/vendor/laravel/framework/src/Illuminate/Foundation/Console/Kernel.php(198): Symfony/Component/Console/Application->run()
#34 D:/ASZTAL/Új mappa (5)/SutusRobert_Backend/vendor/laravel/framework/src/Illuminate/Foundation/Application.php(1235): Illuminate/Foundation/Console/Kernel->handle()
#35 D:/ASZTAL/Új mappa (5)/SutusRobert_Backend/artisan(16): Illuminate/Foundation/Application->handleCommand()
#36 {main}
"} 
[2026-05-12 15:40:10] local.ERROR: SQLSTATE[HY000]: General error: 1824 Failed to open the referenced table 'kategoriak' (Connection: mysql, Host: 127.0.0.1, Port: 3306, Database: Ingatlan, SQL: alter table `ingatlanok` add constraint `ingatlanok_kategoria_foreign` foreign key (`kategoria`) references `kategoriak` (`id`)) {"exception":"[object] (Illuminate\\Database\\QueryException(code: HY000): SQLSTATE[HY000]: General error: 1824 Failed to open the referenced table 'kategoriak' (Connection: mysql, Host: 127.0.0.1, Port: 3306, Database: Ingatlan, SQL: alter table `ingatlanok` add constraint `ingatlanok_kategoria_foreign` foreign key (`kategoria`) references `kategoriak` (`id`)) at D:/ASZTAL/Új mappa (5)/SutusRobert_Backend/vendor/laravel/framework/src/Illuminate/Database/Connection.php:838)
[stacktrace]
#0 D:/ASZTAL/Új mappa (5)/SutusRobert_Backend/vendor/laravel/framework/src/Illuminate/Database/Connection.php(794): Illuminate/Database/Connection->runQueryCallback()
#1 D:/ASZTAL/Új mappa (5)/SutusRobert_Backend/vendor/laravel/framework/src/Illuminate/Database/Connection.php(573): Illuminate/Database/Connection->run()
#2 D:/ASZTAL/Új mappa (5)/SutusRobert_Backend/vendor/laravel/framework/src/Illuminate/Database/Schema/Blueprint.php(121): Illuminate/Database/Connection->statement()
#3 D:/ASZTAL/Új mappa (5)/SutusRobert_Backend/vendor/laravel/framework/src/Illuminate/Database/Schema/Builder.php(686): Illuminate/Database/Schema/Blueprint->build()
#4 D:/ASZTAL/Új mappa (5)/SutusRobert_Backend/vendor/laravel/framework/src/Illuminate/Database/Schema/Builder.php(506): Illuminate/Database/Schema/Builder->build()
#5 D:/ASZTAL/Új mappa (5)/SutusRobert_Backend/vendor/laravel/framework/src/Illuminate/Support/Facades/Facade.php(363): Illuminate/Database/Schema/Builder->create()
#6 D:/ASZTAL/Új mappa (5)/SutusRobert_Backend/database/migrations/2026_05_12_152320_create_ingatlanok_table.php(14): Illuminate/Support/Facades/Facade::__callStatic()
#7 D:/ASZTAL/Új mappa (5)/SutusRobert_Backend/vendor/laravel/framework/src/Illuminate/Database/Migrations/Migrator.php(517): Illuminate/Database/Migrations/Migration@anonymous->up()
#8 D:/ASZTAL/Új mappa (5)/SutusRobert_Backend/vendor/laravel/framework/src/Illuminate/Database/Migrations/Migrator.php(442): Illuminate/Database/Migrations/Migrator->runMethod()
#9 D:/ASZTAL/Új mappa (5)/SutusRobert_Backend/vendor/laravel/framework/src/Illuminate/Database/Migrations/Migrator.php(451): Illuminate/Database/Migrations/Migrator->Illuminate/Database/Migrations/{closure}()
#10 D:/ASZTAL/Új mappa (5)/SutusRobert_Backend/vendor/laravel/framework/src/Illuminate/Database/Migrations/Migrator.php(253): Illuminate/Database/Migrations/Migrator->runMigration()
#11 D:/ASZTAL/Új mappa (5)/SutusRobert_Backend/vendor/laravel/framework/src/Illuminate/Console/View/Components/Task.php(41): Illuminate/Database/Migrations/Migrator->Illuminate/Database/Migrations/{closure}()
#12 D:/ASZTAL/Új mappa (5)/SutusRobert_Backend/vendor/laravel/framework/src/Illuminate/Database/Migrations/Migrator.php(814): Illuminate/Console/View/Components/Task->render()
#13 D:/ASZTAL/Új mappa (5)/SutusRobert_Backend/vendor/laravel/framework/src/Illuminate/Database/Migrations/Migrator.php(253): Illuminate/Database/Migrations/Migrator->write()
#14 D:/ASZTAL/Új mappa (5)/SutusRobert_Backend/vendor/laravel/framework/src/Illuminate/Database/Migrations/Migrator.php(211): Illuminate/Database/Migrations/Migrator->runUp()
#15 D:/ASZTAL/Új mappa (5)/SutusRobert_Backend/vendor/laravel/framework/src/Illuminate/Database/Migrations/Migrator.php(138): Illuminate/Database/Migrations/Migrator->runPending()
#16 D:/ASZTAL/Új mappa (5)/SutusRobert_Backend/vendor/laravel/framework/src/Illuminate/Database/Console/Migrations/MigrateCommand.php(116): Illuminate/Database/Migrations/Migrator->run()
#17 D:/ASZTAL/Új mappa (5)/SutusRobert_Backend/vendor/laravel/framework/src/Illuminate/Database/Migrations/Migrator.php(671): Illuminate/Database/Console/Migrations/MigrateCommand->Illuminate/Database/Console/Migrations/{closure}()
#18 D:/ASZTAL/Új mappa (5)/SutusRobert_Backend/vendor/laravel/framework/src/Illuminate/Database/Console/Migrations/MigrateCommand.php(109): Illuminate/Database/Migrations/Migrator->usingConnection()
#19 D:/ASZTAL/Új mappa (5)/SutusRobert_Backend/vendor/laravel/framework/src/Illuminate/Database/Console/Migrations/MigrateCommand.php(88): Illuminate/Database/Console/Migrations/MigrateCommand->runMigrations()
#20 D:/ASZTAL/Új mappa (5)/SutusRobert_Backend/vendor/laravel/framework/src/Illuminate/Container/BoundMethod.php(36): Illuminate/Database/Console/Migrations/MigrateCommand->handle()
#21 D:/ASZTAL/Új mappa (5)/SutusRobert_Backend/vendor/laravel/framework/src/Illuminate/Container/Util.php(43): Illuminate/Container/BoundMethod::Illuminate/Container/{closure}()
#22 D:/ASZTAL/Új mappa (5)/SutusRobert_Backend/vendor/laravel/framework/src/Illuminate/Container/BoundMethod.php(96): Illuminate/Container/Util::unwrapIfClosure()
#23 D:/ASZTAL/Új mappa (5)/SutusRobert_Backend/vendor/laravel/framework/src/Illuminate/Container/BoundMethod.php(35): Illuminate/Container/BoundMethod::callBoundMethod()
#24 D:/ASZTAL/Új mappa (5)/SutusRobert_Backend/vendor/laravel/framework/src/Illuminate/Container/Container.php(799): Illuminate/Container/BoundMethod::call()
#25 D:/ASZTAL/Új mappa (5)/SutusRobert_Backend/vendor/laravel/framework/src/Illuminate/Console/Command.php(211): Illuminate/Container/Container->call()
#26 D:/ASZTAL/Új mappa (5)/SutusRobert_Backend/vendor/symfony/console/Command/Command.php(341): Illuminate/Console/Command->execute()
#27 D:/ASZTAL/Új mappa (5)/SutusRobert_Backend/vendor/laravel/framework/src/Illuminate/Console/Command.php(180): Symfony/Component/Console/Command/Command->run()
#28 D:/ASZTAL/Új mappa (5)/SutusRobert_Backend/vendor/symfony/console/Application.php(1117): Illuminate/Console/Command->run()
#29 D:/ASZTAL/Új mappa (5)/SutusRobert_Backend/vendor/symfony/console/Application.php(356): Symfony/Component/Console/Application->doRunCommand()
#30 D:/ASZTAL/Új mappa (5)/SutusRobert_Backend/vendor/symfony/console/Application.php(195): Symfony/Component/Console/Application->doRun()
#31 D:/ASZTAL/Új mappa (5)/SutusRobert_Backend/vendor/laravel/framework/src/Illuminate/Foundation/Console/Kernel.php(198): Symfony/Component/Console/Application->run()
#32 D:/ASZTAL/Új mappa (5)/SutusRobert_Backend/vendor/laravel/framework/src/Illuminate/Foundation/Application.php(1235): Illuminate/Foundation/Console/Kernel->handle()
#33 D:/ASZTAL/Új mappa (5)/SutusRobert_Backend/artisan(16): Illuminate/Foundation/Application->handleCommand()
#34 {main}

[previous exception] [object] (PDOException(code: HY000): SQLSTATE[HY000]: General error: 1824 Failed to open the referenced table 'kategoriak' at D:/ASZTAL/Új mappa (5)/SutusRobert_Backend/vendor/laravel/framework/src/Illuminate/Database/Connection.php:584)
[stacktrace]
#0 D:/ASZTAL/Új mappa (5)/SutusRobert_Backend/vendor/laravel/framework/src/Illuminate/Database/Connection.php(584): PDOStatement->execute()
#1 D:/ASZTAL/Új mappa (5)/SutusRobert_Backend/vendor/laravel/framework/src/Illuminate/Database/Connection.php(827): Illuminate/Database/Connection->Illuminate/Database/{closure}()
#2 D:/ASZTAL/Új mappa (5)/SutusRobert_Backend/vendor/laravel/framework/src/Illuminate/Database/Connection.php(794): Illuminate/Database/Connection->runQueryCallback()
#3 D:/ASZTAL/Új mappa (5)/SutusRobert_Backend/vendor/laravel/framework/src/Illuminate/Database/Connection.php(573): Illuminate/Database/Connection->run()
#4 D:/ASZTAL/Új mappa (5)/SutusRobert_Backend/vendor/laravel/framework/src/Illuminate/Database/Schema/Blueprint.php(121): Illuminate/Database/Connection->statement()
#5 D:/ASZTAL/Új mappa (5)/SutusRobert_Backend/vendor/laravel/framework/src/Illuminate/Database/Schema/Builder.php(686): Illuminate/Database/Schema/Blueprint->build()
#6 D:/ASZTAL/Új mappa (5)/SutusRobert_Backend/vendor/laravel/framework/src/Illuminate/Database/Schema/Builder.php(506): Illuminate/Database/Schema/Builder->build()
#7 D:/ASZTAL/Új mappa (5)/SutusRobert_Backend/vendor/laravel/framework/src/Illuminate/Support/Facades/Facade.php(363): Illuminate/Database/Schema/Builder->create()
#8 D:/ASZTAL/Új mappa (5)/SutusRobert_Backend/database/migrations/2026_05_12_152320_create_ingatlanok_table.php(14): Illuminate/Support/Facades/Facade::__callStatic()
#9 D:/ASZTAL/Új mappa (5)/SutusRobert_Backend/vendor/laravel/framework/src/Illuminate/Database/Migrations/Migrator.php(517): Illuminate/Database/Migrations/Migration@anonymous->up()
#10 D:/ASZTAL/Új mappa (5)/SutusRobert_Backend/vendor/laravel/framework/src/Illuminate/Database/Migrations/Migrator.php(442): Illuminate/Database/Migrations/Migrator->runMethod()
#11 D:/ASZTAL/Új mappa (5)/SutusRobert_Backend/vendor/laravel/framework/src/Illuminate/Database/Migrations/Migrator.php(451): Illuminate/Database/Migrations/Migrator->Illuminate/Database/Migrations/{closure}()
#12 D:/ASZTAL/Új mappa (5)/SutusRobert_Backend/vendor/laravel/framework/src/Illuminate/Database/Migrations/Migrator.php(253): Illuminate/Database/Migrations/Migrator->runMigration()
#13 D:/ASZTAL/Új mappa (5)/SutusRobert_Backend/vendor/laravel/framework/src/Illuminate/Console/View/Components/Task.php(41): Illuminate/Database/Migrations/Migrator->Illuminate/Database/Migrations/{closure}()
#14 D:/ASZTAL/Új mappa (5)/SutusRobert_Backend/vendor/laravel/framework/src/Illuminate/Database/Migrations/Migrator.php(814): Illuminate/Console/View/Components/Task->render()
#15 D:/ASZTAL/Új mappa (5)/SutusRobert_Backend/vendor/laravel/framework/src/Illuminate/Database/Migrations/Migrator.php(253): Illuminate/Database/Migrations/Migrator->write()
#16 D:/ASZTAL/Új mappa (5)/SutusRobert_Backend/vendor/laravel/framework/src/Illuminate/Database/Migrations/Migrator.php(211): Illuminate/Database/Migrations/Migrator->runUp()
#17 D:/ASZTAL/Új mappa (5)/SutusRobert_Backend/vendor/laravel/framework/src/Illuminate/Database/Migrations/Migrator.php(138): Illuminate/Database/Migrations/Migrator->runPending()
#18 D:/ASZTAL/Új mappa (5)/SutusRobert_Backend/vendor/laravel/framework/src/Illuminate/Database/Console/Migrations/MigrateCommand.php(116): Illuminate/Database/Migrations/Migrator->run()
#19 D:/ASZTAL/Új mappa (5)/SutusRobert_Backend/vendor/laravel/framework/src/Illuminate/Database/Migrations/Migrator.php(671): Illuminate/Database/Console/Migrations/MigrateCommand->Illuminate/Database/Console/Migrations/{closure}()
#20 D:/ASZTAL/Új mappa (5)/SutusRobert_Backend/vendor/laravel/framework/src/Illuminate/Database/Console/Migrations/MigrateCommand.php(109): Illuminate/Database/Migrations/Migrator->usingConnection()
#21 D:/ASZTAL/Új mappa (5)/SutusRobert_Backend/vendor/laravel/framework/src/Illuminate/Database/Console/Migrations/MigrateCommand.php(88): Illuminate/Database/Console/Migrations/MigrateCommand->runMigrations()
#22 D:/ASZTAL/Új mappa (5)/SutusRobert_Backend/vendor/laravel/framework/src/Illuminate/Container/BoundMethod.php(36): Illuminate/Database/Console/Migrations/MigrateCommand->handle()
#23 D:/ASZTAL/Új mappa (5)/SutusRobert_Backend/vendor/laravel/framework/src/Illuminate/Container/Util.php(43): Illuminate/Container/BoundMethod::Illuminate/Container/{closure}()
#24 D:/ASZTAL/Új mappa (5)/SutusRobert_Backend/vendor/laravel/framework/src/Illuminate/Container/BoundMethod.php(96): Illuminate/Container/Util::unwrapIfClosure()
#25 D:/ASZTAL/Új mappa (5)/SutusRobert_Backend/vendor/laravel/framework/src/Illuminate/Container/BoundMethod.php(35): Illuminate/Container/BoundMethod::callBoundMethod()
#26 D:/ASZTAL/Új mappa (5)/SutusRobert_Backend/vendor/laravel/framework/src/Illuminate/Container/Container.php(799): Illuminate/Container/BoundMethod::call()
#27 D:/ASZTAL/Új mappa (5)/SutusRobert_Backend/vendor/laravel/framework/src/Illuminate/Console/Command.php(211): Illuminate/Container/Container->call()
#28 D:/ASZTAL/Új mappa (5)/SutusRobert_Backend/vendor/symfony/console/Command/Command.php(341): Illuminate/Console/Command->execute()
#29 D:/ASZTAL/Új mappa (5)/SutusRobert_Backend/vendor/laravel/framework/src/Illuminate/Console/Command.php(180): Symfony/Component/Console/Command/Command->run()
#30 D:/ASZTAL/Új mappa (5)/SutusRobert_Backend/vendor/symfony/console/Application.php(1117): Illuminate/Console/Command->run()
#31 D:/ASZTAL/Új mappa (5)/SutusRobert_Backend/vendor/symfony/console/Application.php(356): Symfony/Component/Console/Application->doRunCommand()
#32 D:/ASZTAL/Új mappa (5)/SutusRobert_Backend/vendor/symfony/console/Application.php(195): Symfony/Component/Console/Application->doRun()
#33 D:/ASZTAL/Új mappa (5)/SutusRobert_Backend/vendor/laravel/framework/src/Illuminate/Foundation/Console/Kernel.php(198): Symfony/Component/Console/Application->run()
#34 D:/ASZTAL/Új mappa (5)/SutusRobert_Backend/vendor/laravel/framework/src/Illuminate/Foundation/Application.php(1235): Illuminate/Foundation/Console/Kernel->handle()
#35 D:/ASZTAL/Új mappa (5)/SutusRobert_Backend/artisan(16): Illuminate/Foundation/Application->handleCommand()
#36 {main}
"} 
[2026-05-12 15:41:59] local.ERROR: syntax error, unexpected token "/", expecting "function" or "const" {"exception":"[object] (ParseError(code: 0): syntax error, unexpected token \"/\", expecting \"function\" or \"const\" at D:/ASZTAL/Új mappa (5)/SutusRobert_Backend/database/migrations/2026_05_12_152320_create_ingatlanok_table.php:9)
[stacktrace]
#0 D:/ASZTAL/Új mappa (5)/SutusRobert_Backend/vendor/laravel/framework/src/Illuminate/Filesystem/Filesystem.php(149): Illuminate/Filesystem/Filesystem::Illuminate/Filesystem/{closure}()
#1 D:/ASZTAL/Új mappa (5)/SutusRobert_Backend/vendor/laravel/framework/src/Illuminate/Database/Migrations/Migrator.php(598): Illuminate/Filesystem/Filesystem->requireOnce()
#2 D:/ASZTAL/Új mappa (5)/SutusRobert_Backend/vendor/laravel/framework/src/Illuminate/Database/Migrations/Migrator.php(131): Illuminate/Database/Migrations/Migrator->requireFiles()
#3 D:/ASZTAL/Új mappa (5)/SutusRobert_Backend/vendor/laravel/framework/src/Illuminate/Database/Console/Migrations/MigrateCommand.php(116): Illuminate/Database/Migrations/Migrator->run()
#4 D:/ASZTAL/Új mappa (5)/SutusRobert_Backend/vendor/laravel/framework/src/Illuminate/Database/Migrations/Migrator.php(671): Illuminate/Database/Console/Migrations/MigrateCommand->Illuminate/Database/Console/Migrations/{closure}()
#5 D:/ASZTAL/Új mappa (5)/SutusRobert_Backend/vendor/laravel/framework/src/Illuminate/Database/Console/Migrations/MigrateCommand.php(109): Illuminate/Database/Migrations/Migrator->usingConnection()
#6 D:/ASZTAL/Új mappa (5)/SutusRobert_Backend/vendor/laravel/framework/src/Illuminate/Database/Console/Migrations/MigrateCommand.php(88): Illuminate/Database/Console/Migrations/MigrateCommand->runMigrations()
#7 D:/ASZTAL/Új mappa (5)/SutusRobert_Backend/vendor/laravel/framework/src/Illuminate/Container/BoundMethod.php(36): Illuminate/Database/Console/Migrations/MigrateCommand->handle()
#8 D:/ASZTAL/Új mappa (5)/SutusRobert_Backend/vendor/laravel/framework/src/Illuminate/Container/Util.php(43): Illuminate/Container/BoundMethod::Illuminate/Container/{closure}()
#9 D:/ASZTAL/Új mappa (5)/SutusRobert_Backend/vendor/laravel/framework/src/Illuminate/Container/BoundMethod.php(96): Illuminate/Container/Util::unwrapIfClosure()
#10 D:/ASZTAL/Új mappa (5)/SutusRobert_Backend/vendor/laravel/framework/src/Illuminate/Container/BoundMethod.php(35): Illuminate/Container/BoundMethod::callBoundMethod()
#11 D:/ASZTAL/Új mappa (5)/SutusRobert_Backend/vendor/laravel/framework/src/Illuminate/Container/Container.php(799): Illuminate/Container/BoundMethod::call()
#12 D:/ASZTAL/Új mappa (5)/SutusRobert_Backend/vendor/laravel/framework/src/Illuminate/Console/Command.php(211): Illuminate/Container/Container->call()
#13 D:/ASZTAL/Új mappa (5)/SutusRobert_Backend/vendor/symfony/console/Command/Command.php(341): Illuminate/Console/Command->execute()
#14 D:/ASZTAL/Új mappa (5)/SutusRobert_Backend/vendor/laravel/framework/src/Illuminate/Console/Command.php(180): Symfony/Component/Console/Command/Command->run()
#15 D:/ASZTAL/Új mappa (5)/SutusRobert_Backend/vendor/symfony/console/Application.php(1117): Illuminate/Console/Command->run()
#16 D:/ASZTAL/Új mappa (5)/SutusRobert_Backend/vendor/symfony/console/Application.php(356): Symfony/Component/Console/Application->doRunCommand()
#17 D:/ASZTAL/Új mappa (5)/SutusRobert_Backend/vendor/symfony/console/Application.php(195): Symfony/Component/Console/Application->doRun()
#18 D:/ASZTAL/Új mappa (5)/SutusRobert_Backend/vendor/laravel/framework/src/Illuminate/Foundation/Console/Kernel.php(198): Symfony/Component/Console/Application->run()
#19 D:/ASZTAL/Új mappa (5)/SutusRobert_Backend/vendor/laravel/framework/src/Illuminate/Foundation/Application.php(1235): Illuminate/Foundation/Console/Kernel->handle()
#20 D:/ASZTAL/Új mappa (5)/SutusRobert_Backend/artisan(16): Illuminate/Foundation/Application->handleCommand()
#21 {main}
"} 
[2026-05-12 15:45:06] local.ERROR: SQLSTATE[42S01]: Base table or view already exists: 1050 Table 'ingatlanok' already exists (Connection: mysql, Host: 127.0.0.1, Port: 3306, Database: Ingatlan, SQL: create table `ingatlanok` (`id` bigint unsigned not null auto_increment primary key, `kategoria` bigint unsigned not null, `leiras` varchar(255) null, `hirdetesDatuma` date null default (CURDATE()), `tehermentes` tinyint(1) not null, `ar` int not null, `kepUrl` varchar(255) null) default character set utf8mb4 collate 'utf8mb4_unicode_ci') {"exception":"[object] (Illuminate\\Database\\QueryException(code: 42S01): SQLSTATE[42S01]: Base table or view already exists: 1050 Table 'ingatlanok' already exists (Connection: mysql, Host: 127.0.0.1, Port: 3306, Database: Ingatlan, SQL: create table `ingatlanok` (`id` bigint unsigned not null auto_increment primary key, `kategoria` bigint unsigned not null, `leiras` varchar(255) null, `hirdetesDatuma` date null default (CURDATE()), `tehermentes` tinyint(1) not null, `ar` int not null, `kepUrl` varchar(255) null) default character set utf8mb4 collate 'utf8mb4_unicode_ci') at D:/ASZTAL/Új mappa (5)/SutusRobert_Backend/vendor/laravel/framework/src/Illuminate/Database/Connection.php:838)
[stacktrace]
#0 D:/ASZTAL/Új mappa (5)/SutusRobert_Backend/vendor/laravel/framework/src/Illuminate/Database/Connection.php(794): Illuminate/Database/Connection->runQueryCallback()
#1 D:/ASZTAL/Új mappa (5)/SutusRobert_Backend/vendor/laravel/framework/src/Illuminate/Database/Connection.php(573): Illuminate/Database/Connection->run()
#2 D:/ASZTAL/Új mappa (5)/SutusRobert_Backend/vendor/laravel/framework/src/Illuminate/Database/Schema/Blueprint.php(121): Illuminate/Database/Connection->statement()
#3 D:/ASZTAL/Új mappa (5)/SutusRobert_Backend/vendor/laravel/framework/src/Illuminate/Database/Schema/Builder.php(686): Illuminate/Database/Schema/Blueprint->build()
#4 D:/ASZTAL/Új mappa (5)/SutusRobert_Backend/vendor/laravel/framework/src/Illuminate/Database/Schema/Builder.php(506): Illuminate/Database/Schema/Builder->build()
#5 D:/ASZTAL/Új mappa (5)/SutusRobert_Backend/vendor/laravel/framework/src/Illuminate/Support/Facades/Facade.php(363): Illuminate/Database/Schema/Builder->create()
#6 D:/ASZTAL/Új mappa (5)/SutusRobert_Backend/database/migrations/2026_05_12_152320_create_ingatlanok_table.php(14): Illuminate/Support/Facades/Facade::__callStatic()
#7 D:/ASZTAL/Új mappa (5)/SutusRobert_Backend/vendor/laravel/framework/src/Illuminate/Database/Migrations/Migrator.php(517): Illuminate/Database/Migrations/Migration@anonymous->up()
#8 D:/ASZTAL/Új mappa (5)/SutusRobert_Backend/vendor/laravel/framework/src/Illuminate/Database/Migrations/Migrator.php(442): Illuminate/Database/Migrations/Migrator->runMethod()
#9 D:/ASZTAL/Új mappa (5)/SutusRobert_Backend/vendor/laravel/framework/src/Illuminate/Database/Migrations/Migrator.php(451): Illuminate/Database/Migrations/Migrator->Illuminate/Database/Migrations/{closure}()
#10 D:/ASZTAL/Új mappa (5)/SutusRobert_Backend/vendor/laravel/framework/src/Illuminate/Database/Migrations/Migrator.php(253): Illuminate/Database/Migrations/Migrator->runMigration()
#11 D:/ASZTAL/Új mappa (5)/SutusRobert_Backend/vendor/laravel/framework/src/Illuminate/Console/View/Components/Task.php(41): Illuminate/Database/Migrations/Migrator->Illuminate/Database/Migrations/{closure}()
#12 D:/ASZTAL/Új mappa (5)/SutusRobert_Backend/vendor/laravel/framework/src/Illuminate/Database/Migrations/Migrator.php(814): Illuminate/Console/View/Components/Task->render()
#13 D:/ASZTAL/Új mappa (5)/SutusRobert_Backend/vendor/laravel/framework/src/Illuminate/Database/Migrations/Migrator.php(253): Illuminate/Database/Migrations/Migrator->write()
#14 D:/ASZTAL/Új mappa (5)/SutusRobert_Backend/vendor/laravel/framework/src/Illuminate/Database/Migrations/Migrator.php(211): Illuminate/Database/Migrations/Migrator->runUp()
#15 D:/ASZTAL/Új mappa (5)/SutusRobert_Backend/vendor/laravel/framework/src/Illuminate/Database/Migrations/Migrator.php(138): Illuminate/Database/Migrations/Migrator->runPending()
#16 D:/ASZTAL/Új mappa (5)/SutusRobert_Backend/vendor/laravel/framework/src/Illuminate/Database/Console/Migrations/MigrateCommand.php(116): Illuminate/Database/Migrations/Migrator->run()
#17 D:/ASZTAL/Új mappa (5)/SutusRobert_Backend/vendor/laravel/framework/src/Illuminate/Database/Migrations/Migrator.php(671): Illuminate/Database/Console/Migrations/MigrateCommand->Illuminate/Database/Console/Migrations/{closure}()
#18 D:/ASZTAL/Új mappa (5)/SutusRobert_Backend/vendor/laravel/framework/src/Illuminate/Database/Console/Migrations/MigrateCommand.php(109): Illuminate/Database/Migrations/Migrator->usingConnection()
#19 D:/ASZTAL/Új mappa (5)/SutusRobert_Backend/vendor/laravel/framework/src/Illuminate/Database/Console/Migrations/MigrateCommand.php(88): Illuminate/Database/Console/Migrations/MigrateCommand->runMigrations()
#20 D:/ASZTAL/Új mappa (5)/SutusRobert_Backend/vendor/laravel/framework/src/Illuminate/Container/BoundMethod.php(36): Illuminate/Database/Console/Migrations/MigrateCommand->handle()
#21 D:/ASZTAL/Új mappa (5)/SutusRobert_Backend/vendor/laravel/framework/src/Illuminate/Container/Util.php(43): Illuminate/Container/BoundMethod::Illuminate/Container/{closure}()
#22 D:/ASZTAL/Új mappa (5)/SutusRobert_Backend/vendor/laravel/framework/src/Illuminate/Container/BoundMethod.php(96): Illuminate/Container/Util::unwrapIfClosure()
#23 D:/ASZTAL/Új mappa (5)/SutusRobert_Backend/vendor/laravel/framework/src/Illuminate/Container/BoundMethod.php(35): Illuminate/Container/BoundMethod::callBoundMethod()
#24 D:/ASZTAL/Új mappa (5)/SutusRobert_Backend/vendor/laravel/framework/src/Illuminate/Container/Container.php(799): Illuminate/Container/BoundMethod::call()
#25 D:/ASZTAL/Új mappa (5)/SutusRobert_Backend/vendor/laravel/framework/src/Illuminate/Console/Command.php(211): Illuminate/Container/Container->call()
#26 D:/ASZTAL/Új mappa (5)/SutusRobert_Backend/vendor/symfony/console/Command/Command.php(341): Illuminate/Console/Command->execute()
#27 D:/ASZTAL/Új mappa (5)/SutusRobert_Backend/vendor/laravel/framework/src/Illuminate/Console/Command.php(180): Symfony/Component/Console/Command/Command->run()
#28 D:/ASZTAL/Új mappa (5)/SutusRobert_Backend/vendor/symfony/console/Application.php(1117): Illuminate/Console/Command->run()
#29 D:/ASZTAL/Új mappa (5)/SutusRobert_Backend/vendor/symfony/console/Application.php(356): Symfony/Component/Console/Application->doRunCommand()
#30 D:/ASZTAL/Új mappa (5)/SutusRobert_Backend/vendor/symfony/console/Application.php(195): Symfony/Component/Console/Application->doRun()
#31 D:/ASZTAL/Új mappa (5)/SutusRobert_Backend/vendor/laravel/framework/src/Illuminate/Foundation/Console/Kernel.php(198): Symfony/Component/Console/Application->run()
#32 D:/ASZTAL/Új mappa (5)/SutusRobert_Backend/vendor/laravel/framework/src/Illuminate/Foundation/Application.php(1235): Illuminate/Foundation/Console/Kernel->handle()
#33 D:/ASZTAL/Új mappa (5)/SutusRobert_Backend/artisan(16): Illuminate/Foundation/Application->handleCommand()
#34 {main}

[previous exception] [object] (PDOException(code: 42S01): SQLSTATE[42S01]: Base table or view already exists: 1050 Table 'ingatlanok' already exists at D:/ASZTAL/Új mappa (5)/SutusRobert_Backend/vendor/laravel/framework/src/Illuminate/Database/Connection.php:584)
[stacktrace]
#0 D:/ASZTAL/Új mappa (5)/SutusRobert_Backend/vendor/laravel/framework/src/Illuminate/Database/Connection.php(584): PDOStatement->execute()
#1 D:/ASZTAL/Új mappa (5)/SutusRobert_Backend/vendor/laravel/framework/src/Illuminate/Database/Connection.php(827): Illuminate/Database/Connection->Illuminate/Database/{closure}()
#2 D:/ASZTAL/Új mappa (5)/SutusRobert_Backend/vendor/laravel/framework/src/Illuminate/Database/Connection.php(794): Illuminate/Database/Connection->runQueryCallback()
#3 D:/ASZTAL/Új mappa (5)/SutusRobert_Backend/vendor/laravel/framework/src/Illuminate/Database/Connection.php(573): Illuminate/Database/Connection->run()
#4 D:/ASZTAL/Új mappa (5)/SutusRobert_Backend/vendor/laravel/framework/src/Illuminate/Database/Schema/Blueprint.php(121): Illuminate/Database/Connection->statement()
#5 D:/ASZTAL/Új mappa (5)/SutusRobert_Backend/vendor/laravel/framework/src/Illuminate/Database/Schema/Builder.php(686): Illuminate/Database/Schema/Blueprint->build()
#6 D:/ASZTAL/Új mappa (5)/SutusRobert_Backend/vendor/laravel/framework/src/Illuminate/Database/Schema/Builder.php(506): Illuminate/Database/Schema/Builder->build()
#7 D:/ASZTAL/Új mappa (5)/SutusRobert_Backend/vendor/laravel/framework/src/Illuminate/Support/Facades/Facade.php(363): Illuminate/Database/Schema/Builder->create()
#8 D:/ASZTAL/Új mappa (5)/SutusRobert_Backend/database/migrations/2026_05_12_152320_create_ingatlanok_table.php(14): Illuminate/Support/Facades/Facade::__callStatic()
#9 D:/ASZTAL/Új mappa (5)/SutusRobert_Backend/vendor/laravel/framework/src/Illuminate/Database/Migrations/Migrator.php(517): Illuminate/Database/Migrations/Migration@anonymous->up()
#10 D:/ASZTAL/Új mappa (5)/SutusRobert_Backend/vendor/laravel/framework/src/Illuminate/Database/Migrations/Migrator.php(442): Illuminate/Database/Migrations/Migrator->runMethod()
#11 D:/ASZTAL/Új mappa (5)/SutusRobert_Backend/vendor/laravel/framework/src/Illuminate/Database/Migrations/Migrator.php(451): Illuminate/Database/Migrations/Migrator->Illuminate/Database/Migrations/{closure}()
#12 D:/ASZTAL/Új mappa (5)/SutusRobert_Backend/vendor/laravel/framework/src/Illuminate/Database/Migrations/Migrator.php(253): Illuminate/Database/Migrations/Migrator->runMigration()
#13 D:/ASZTAL/Új mappa (5)/SutusRobert_Backend/vendor/laravel/framework/src/Illuminate/Console/View/Components/Task.php(41): Illuminate/Database/Migrations/Migrator->Illuminate/Database/Migrations/{closure}()
#14 D:/ASZTAL/Új mappa (5)/SutusRobert_Backend/vendor/laravel/framework/src/Illuminate/Database/Migrations/Migrator.php(814): Illuminate/Console/View/Components/Task->render()
#15 D:/ASZTAL/Új mappa (5)/SutusRobert_Backend/vendor/laravel/framework/src/Illuminate/Database/Migrations/Migrator.php(253): Illuminate/Database/Migrations/Migrator->write()
#16 D:/ASZTAL/Új mappa (5)/SutusRobert_Backend/vendor/laravel/framework/src/Illuminate/Database/Migrations/Migrator.php(211): Illuminate/Database/Migrations/Migrator->runUp()
#17 D:/ASZTAL/Új mappa (5)/SutusRobert_Backend/vendor/laravel/framework/src/Illuminate/Database/Migrations/Migrator.php(138): Illuminate/Database/Migrations/Migrator->runPending()
#18 D:/ASZTAL/Új mappa (5)/SutusRobert_Backend/vendor/laravel/framework/src/Illuminate/Database/Console/Migrations/MigrateCommand.php(116): Illuminate/Database/Migrations/Migrator->run()
#19 D:/ASZTAL/Új mappa (5)/SutusRobert_Backend/vendor/laravel/framework/src/Illuminate/Database/Migrations/Migrator.php(671): Illuminate/Database/Console/Migrations/MigrateCommand->Illuminate/Database/Console/Migrations/{closure}()
#20 D:/ASZTAL/Új mappa (5)/SutusRobert_Backend/vendor/laravel/framework/src/Illuminate/Database/Console/Migrations/MigrateCommand.php(109): Illuminate/Database/Migrations/Migrator->usingConnection()
#21 D:/ASZTAL/Új mappa (5)/SutusRobert_Backend/vendor/laravel/framework/src/Illuminate/Database/Console/Migrations/MigrateCommand.php(88): Illuminate/Database/Console/Migrations/MigrateCommand->runMigrations()
#22 D:/ASZTAL/Új mappa (5)/SutusRobert_Backend/vendor/laravel/framework/src/Illuminate/Container/BoundMethod.php(36): Illuminate/Database/Console/Migrations/MigrateCommand->handle()
#23 D:/ASZTAL/Új mappa (5)/SutusRobert_Backend/vendor/laravel/framework/src/Illuminate/Container/Util.php(43): Illuminate/Container/BoundMethod::Illuminate/Container/{closure}()
#24 D:/ASZTAL/Új mappa (5)/SutusRobert_Backend/vendor/laravel/framework/src/Illuminate/Container/BoundMethod.php(96): Illuminate/Container/Util::unwrapIfClosure()
#25 D:/ASZTAL/Új mappa (5)/SutusRobert_Backend/vendor/laravel/framework/src/Illuminate/Container/BoundMethod.php(35): Illuminate/Container/BoundMethod::callBoundMethod()
#26 D:/ASZTAL/Új mappa (5)/SutusRobert_Backend/vendor/laravel/framework/src/Illuminate/Container/Container.php(799): Illuminate/Container/BoundMethod::call()
#27 D:/ASZTAL/Új mappa (5)/SutusRobert_Backend/vendor/laravel/framework/src/Illuminate/Console/Command.php(211): Illuminate/Container/Container->call()
#28 D:/ASZTAL/Új mappa (5)/SutusRobert_Backend/vendor/symfony/console/Command/Command.php(341): Illuminate/Console/Command->execute()
#29 D:/ASZTAL/Új mappa (5)/SutusRobert_Backend/vendor/laravel/framework/src/Illuminate/Console/Command.php(180): Symfony/Component/Console/Command/Command->run()
#30 D:/ASZTAL/Új mappa (5)/SutusRobert_Backend/vendor/symfony/console/Application.php(1117): Illuminate/Console/Command->run()
#31 D:/ASZTAL/Új mappa (5)/SutusRobert_Backend/vendor/symfony/console/Application.php(356): Symfony/Component/Console/Application->doRunCommand()
#32 D:/ASZTAL/Új mappa (5)/SutusRobert_Backend/vendor/symfony/console/Application.php(195): Symfony/Component/Console/Application->doRun()
#33 D:/ASZTAL/Új mappa (5)/SutusRobert_Backend/vendor/laravel/framework/src/Illuminate/Foundation/Console/Kernel.php(198): Symfony/Component/Console/Application->run()
#34 D:/ASZTAL/Új mappa (5)/SutusRobert_Backend/vendor/laravel/framework/src/Illuminate/Foundation/Application.php(1235): Illuminate/Foundation/Console/Kernel->handle()
#35 D:/ASZTAL/Új mappa (5)/SutusRobert_Backend/artisan(16): Illuminate/Foundation/Application->handleCommand()
#36 {main}
"} 
[2026-05-12 15:45:42] local.ERROR: SQLSTATE[HY000]: General error: 1824 Failed to open the referenced table 'kategoriak' (Connection: mysql, Host: 127.0.0.1, Port: 3306, Database: Ingatlan, SQL: alter table `ingatlanok` add constraint `ingatlanok_kategoria_foreign` foreign key (`kategoria`) references `kategoriak` (`id`)) {"exception":"[object] (Illuminate\\Database\\QueryException(code: HY000): SQLSTATE[HY000]: General error: 1824 Failed to open the referenced table 'kategoriak' (Connection: mysql, Host: 127.0.0.1, Port: 3306, Database: Ingatlan, SQL: alter table `ingatlanok` add constraint `ingatlanok_kategoria_foreign` foreign key (`kategoria`) references `kategoriak` (`id`)) at D:/ASZTAL/Új mappa (5)/SutusRobert_Backend/vendor/laravel/framework/src/Illuminate/Database/Connection.php:838)
[stacktrace]
#0 D:/ASZTAL/Új mappa (5)/SutusRobert_Backend/vendor/laravel/framework/src/Illuminate/Database/Connection.php(794): Illuminate/Database/Connection->runQueryCallback()
#1 D:/ASZTAL/Új mappa (5)/SutusRobert_Backend/vendor/laravel/framework/src/Illuminate/Database/Connection.php(573): Illuminate/Database/Connection->run()
#2 D:/ASZTAL/Új mappa (5)/SutusRobert_Backend/vendor/laravel/framework/src/Illuminate/Database/Schema/Blueprint.php(121): Illuminate/Database/Connection->statement()
#3 D:/ASZTAL/Új mappa (5)/SutusRobert_Backend/vendor/laravel/framework/src/Illuminate/Database/Schema/Builder.php(686): Illuminate/Database/Schema/Blueprint->build()
#4 D:/ASZTAL/Új mappa (5)/SutusRobert_Backend/vendor/laravel/framework/src/Illuminate/Database/Schema/Builder.php(506): Illuminate/Database/Schema/Builder->build()
#5 D:/ASZTAL/Új mappa (5)/SutusRobert_Backend/vendor/laravel/framework/src/Illuminate/Support/Facades/Facade.php(363): Illuminate/Database/Schema/Builder->create()
#6 D:/ASZTAL/Új mappa (5)/SutusRobert_Backend/database/migrations/2026_05_12_152320_create_ingatlanok_table.php(14): Illuminate/Support/Facades/Facade::__callStatic()
#7 D:/ASZTAL/Új mappa (5)/SutusRobert_Backend/vendor/laravel/framework/src/Illuminate/Database/Migrations/Migrator.php(517): Illuminate/Database/Migrations/Migration@anonymous->up()
#8 D:/ASZTAL/Új mappa (5)/SutusRobert_Backend/vendor/laravel/framework/src/Illuminate/Database/Migrations/Migrator.php(442): Illuminate/Database/Migrations/Migrator->runMethod()
#9 D:/ASZTAL/Új mappa (5)/SutusRobert_Backend/vendor/laravel/framework/src/Illuminate/Database/Migrations/Migrator.php(451): Illuminate/Database/Migrations/Migrator->Illuminate/Database/Migrations/{closure}()
#10 D:/ASZTAL/Új mappa (5)/SutusRobert_Backend/vendor/laravel/framework/src/Illuminate/Database/Migrations/Migrator.php(253): Illuminate/Database/Migrations/Migrator->runMigration()
#11 D:/ASZTAL/Új mappa (5)/SutusRobert_Backend/vendor/laravel/framework/src/Illuminate/Console/View/Components/Task.php(41): Illuminate/Database/Migrations/Migrator->Illuminate/Database/Migrations/{closure}()
#12 D:/ASZTAL/Új mappa (5)/SutusRobert_Backend/vendor/laravel/framework/src/Illuminate/Database/Migrations/Migrator.php(814): Illuminate/Console/View/Components/Task->render()
#13 D:/ASZTAL/Új mappa (5)/SutusRobert_Backend/vendor/laravel/framework/src/Illuminate/Database/Migrations/Migrator.php(253): Illuminate/Database/Migrations/Migrator->write()
#14 D:/ASZTAL/Új mappa (5)/SutusRobert_Backend/vendor/laravel/framework/src/Illuminate/Database/Migrations/Migrator.php(211): Illuminate/Database/Migrations/Migrator->runUp()
#15 D:/ASZTAL/Új mappa (5)/SutusRobert_Backend/vendor/laravel/framework/src/Illuminate/Database/Migrations/Migrator.php(138): Illuminate/Database/Migrations/Migrator->runPending()
#16 D:/ASZTAL/Új mappa (5)/SutusRobert_Backend/vendor/laravel/framework/src/Illuminate/Database/Console/Migrations/MigrateCommand.php(116): Illuminate/Database/Migrations/Migrator->run()
#17 D:/ASZTAL/Új mappa (5)/SutusRobert_Backend/vendor/laravel/framework/src/Illuminate/Database/Migrations/Migrator.php(671): Illuminate/Database/Console/Migrations/MigrateCommand->Illuminate/Database/Console/Migrations/{closure}()
#18 D:/ASZTAL/Új mappa (5)/SutusRobert_Backend/vendor/laravel/framework/src/Illuminate/Database/Console/Migrations/MigrateCommand.php(109): Illuminate/Database/Migrations/Migrator->usingConnection()
#19 D:/ASZTAL/Új mappa (5)/SutusRobert_Backend/vendor/laravel/framework/src/Illuminate/Database/Console/Migrations/MigrateCommand.php(88): Illuminate/Database/Console/Migrations/MigrateCommand->runMigrations()
#20 D:/ASZTAL/Új mappa (5)/SutusRobert_Backend/vendor/laravel/framework/src/Illuminate/Container/BoundMethod.php(36): Illuminate/Database/Console/Migrations/MigrateCommand->handle()
#21 D:/ASZTAL/Új mappa (5)/SutusRobert_Backend/vendor/laravel/framework/src/Illuminate/Container/Util.php(43): Illuminate/Container/BoundMethod::Illuminate/Container/{closure}()
#22 D:/ASZTAL/Új mappa (5)/SutusRobert_Backend/vendor/laravel/framework/src/Illuminate/Container/BoundMethod.php(96): Illuminate/Container/Util::unwrapIfClosure()
#23 D:/ASZTAL/Új mappa (5)/SutusRobert_Backend/vendor/laravel/framework/src/Illuminate/Container/BoundMethod.php(35): Illuminate/Container/BoundMethod::callBoundMethod()
#24 D:/ASZTAL/Új mappa (5)/SutusRobert_Backend/vendor/laravel/framework/src/Illuminate/Container/Container.php(799): Illuminate/Container/BoundMethod::call()
#25 D:/ASZTAL/Új mappa (5)/SutusRobert_Backend/vendor/laravel/framework/src/Illuminate/Console/Command.php(211): Illuminate/Container/Container->call()
#26 D:/ASZTAL/Új mappa (5)/SutusRobert_Backend/vendor/symfony/console/Command/Command.php(341): Illuminate/Console/Command->execute()
#27 D:/ASZTAL/Új mappa (5)/SutusRobert_Backend/vendor/laravel/framework/src/Illuminate/Console/Command.php(180): Symfony/Component/Console/Command/Command->run()
#28 D:/ASZTAL/Új mappa (5)/SutusRobert_Backend/vendor/symfony/console/Application.php(1117): Illuminate/Console/Command->run()
#29 D:/ASZTAL/Új mappa (5)/SutusRobert_Backend/vendor/symfony/console/Application.php(356): Symfony/Component/Console/Application->doRunCommand()
#30 D:/ASZTAL/Új mappa (5)/SutusRobert_Backend/vendor/symfony/console/Application.php(195): Symfony/Component/Console/Application->doRun()
#31 D:/ASZTAL/Új mappa (5)/SutusRobert_Backend/vendor/laravel/framework/src/Illuminate/Foundation/Console/Kernel.php(198): Symfony/Component/Console/Application->run()
#32 D:/ASZTAL/Új mappa (5)/SutusRobert_Backend/vendor/laravel/framework/src/Illuminate/Foundation/Application.php(1235): Illuminate/Foundation/Console/Kernel->handle()
#33 D:/ASZTAL/Új mappa (5)/SutusRobert_Backend/artisan(16): Illuminate/Foundation/Application->handleCommand()
#34 {main}

[previous exception] [object] (PDOException(code: HY000): SQLSTATE[HY000]: General error: 1824 Failed to open the referenced table 'kategoriak' at D:/ASZTAL/Új mappa (5)/SutusRobert_Backend/vendor/laravel/framework/src/Illuminate/Database/Connection.php:584)
[stacktrace]
#0 D:/ASZTAL/Új mappa (5)/SutusRobert_Backend/vendor/laravel/framework/src/Illuminate/Database/Connection.php(584): PDOStatement->execute()
#1 D:/ASZTAL/Új mappa (5)/SutusRobert_Backend/vendor/laravel/framework/src/Illuminate/Database/Connection.php(827): Illuminate/Database/Connection->Illuminate/Database/{closure}()
#2 D:/ASZTAL/Új mappa (5)/SutusRobert_Backend/vendor/laravel/framework/src/Illuminate/Database/Connection.php(794): Illuminate/Database/Connection->runQueryCallback()
#3 D:/ASZTAL/Új mappa (5)/SutusRobert_Backend/vendor/laravel/framework/src/Illuminate/Database/Connection.php(573): Illuminate/Database/Connection->run()
#4 D:/ASZTAL/Új mappa (5)/SutusRobert_Backend/vendor/laravel/framework/src/Illuminate/Database/Schema/Blueprint.php(121): Illuminate/Database/Connection->statement()
#5 D:/ASZTAL/Új mappa (5)/SutusRobert_Backend/vendor/laravel/framework/src/Illuminate/Database/Schema/Builder.php(686): Illuminate/Database/Schema/Blueprint->build()
#6 D:/ASZTAL/Új mappa (5)/SutusRobert_Backend/vendor/laravel/framework/src/Illuminate/Database/Schema/Builder.php(506): Illuminate/Database/Schema/Builder->build()
#7 D:/ASZTAL/Új mappa (5)/SutusRobert_Backend/vendor/laravel/framework/src/Illuminate/Support/Facades/Facade.php(363): Illuminate/Database/Schema/Builder->create()
#8 D:/ASZTAL/Új mappa (5)/SutusRobert_Backend/database/migrations/2026_05_12_152320_create_ingatlanok_table.php(14): Illuminate/Support/Facades/Facade::__callStatic()
#9 D:/ASZTAL/Új mappa (5)/SutusRobert_Backend/vendor/laravel/framework/src/Illuminate/Database/Migrations/Migrator.php(517): Illuminate/Database/Migrations/Migration@anonymous->up()
#10 D:/ASZTAL/Új mappa (5)/SutusRobert_Backend/vendor/laravel/framework/src/Illuminate/Database/Migrations/Migrator.php(442): Illuminate/Database/Migrations/Migrator->runMethod()
#11 D:/ASZTAL/Új mappa (5)/SutusRobert_Backend/vendor/laravel/framework/src/Illuminate/Database/Migrations/Migrator.php(451): Illuminate/Database/Migrations/Migrator->Illuminate/Database/Migrations/{closure}()
#12 D:/ASZTAL/Új mappa (5)/SutusRobert_Backend/vendor/laravel/framework/src/Illuminate/Database/Migrations/Migrator.php(253): Illuminate/Database/Migrations/Migrator->runMigration()
#13 D:/ASZTAL/Új mappa (5)/SutusRobert_Backend/vendor/laravel/framework/src/Illuminate/Console/View/Components/Task.php(41): Illuminate/Database/Migrations/Migrator->Illuminate/Database/Migrations/{closure}()
#14 D:/ASZTAL/Új mappa (5)/SutusRobert_Backend/vendor/laravel/framework/src/Illuminate/Database/Migrations/Migrator.php(814): Illuminate/Console/View/Components/Task->render()
#15 D:/ASZTAL/Új mappa (5)/SutusRobert_Backend/vendor/laravel/framework/src/Illuminate/Database/Migrations/Migrator.php(253): Illuminate/Database/Migrations/Migrator->write()
#16 D:/ASZTAL/Új mappa (5)/SutusRobert_Backend/vendor/laravel/framework/src/Illuminate/Database/Migrations/Migrator.php(211): Illuminate/Database/Migrations/Migrator->runUp()
#17 D:/ASZTAL/Új mappa (5)/SutusRobert_Backend/vendor/laravel/framework/src/Illuminate/Database/Migrations/Migrator.php(138): Illuminate/Database/Migrations/Migrator->runPending()
#18 D:/ASZTAL/Új mappa (5)/SutusRobert_Backend/vendor/laravel/framework/src/Illuminate/Database/Console/Migrations/MigrateCommand.php(116): Illuminate/Database/Migrations/Migrator->run()
#19 D:/ASZTAL/Új mappa (5)/SutusRobert_Backend/vendor/laravel/framework/src/Illuminate/Database/Migrations/Migrator.php(671): Illuminate/Database/Console/Migrations/MigrateCommand->Illuminate/Database/Console/Migrations/{closure}()
#20 D:/ASZTAL/Új mappa (5)/SutusRobert_Backend/vendor/laravel/framework/src/Illuminate/Database/Console/Migrations/MigrateCommand.php(109): Illuminate/Database/Migrations/Migrator->usingConnection()
#21 D:/ASZTAL/Új mappa (5)/SutusRobert_Backend/vendor/laravel/framework/src/Illuminate/Database/Console/Migrations/MigrateCommand.php(88): Illuminate/Database/Console/Migrations/MigrateCommand->runMigrations()
#22 D:/ASZTAL/Új mappa (5)/SutusRobert_Backend/vendor/laravel/framework/src/Illuminate/Container/BoundMethod.php(36): Illuminate/Database/Console/Migrations/MigrateCommand->handle()
#23 D:/ASZTAL/Új mappa (5)/SutusRobert_Backend/vendor/laravel/framework/src/Illuminate/Container/Util.php(43): Illuminate/Container/BoundMethod::Illuminate/Container/{closure}()
#24 D:/ASZTAL/Új mappa (5)/SutusRobert_Backend/vendor/laravel/framework/src/Illuminate/Container/BoundMethod.php(96): Illuminate/Container/Util::unwrapIfClosure()
#25 D:/ASZTAL/Új mappa (5)/SutusRobert_Backend/vendor/laravel/framework/src/Illuminate/Container/BoundMethod.php(35): Illuminate/Container/BoundMethod::callBoundMethod()
#26 D:/ASZTAL/Új mappa (5)/SutusRobert_Backend/vendor/laravel/framework/src/Illuminate/Container/Container.php(799): Illuminate/Container/BoundMethod::call()
#27 D:/ASZTAL/Új mappa (5)/SutusRobert_Backend/vendor/laravel/framework/src/Illuminate/Console/Command.php(211): Illuminate/Container/Container->call()
#28 D:/ASZTAL/Új mappa (5)/SutusRobert_Backend/vendor/symfony/console/Command/Command.php(341): Illuminate/Console/Command->execute()
#29 D:/ASZTAL/Új mappa (5)/SutusRobert_Backend/vendor/laravel/framework/src/Illuminate/Console/Command.php(180): Symfony/Component/Console/Command/Command->run()
#30 D:/ASZTAL/Új mappa (5)/SutusRobert_Backend/vendor/symfony/console/Application.php(1117): Illuminate/Console/Command->run()
#31 D:/ASZTAL/Új mappa (5)/SutusRobert_Backend/vendor/symfony/console/Application.php(356): Symfony/Component/Console/Application->doRunCommand()
#32 D:/ASZTAL/Új mappa (5)/SutusRobert_Backend/vendor/symfony/console/Application.php(195): Symfony/Component/Console/Application->doRun()
#33 D:/ASZTAL/Új mappa (5)/SutusRobert_Backend/vendor/laravel/framework/src/Illuminate/Foundation/Console/Kernel.php(198): Symfony/Component/Console/Application->run()
#34 D:/ASZTAL/Új mappa (5)/SutusRobert_Backend/vendor/laravel/framework/src/Illuminate/Foundation/Application.php(1235): Illuminate/Foundation/Console/Kernel->handle()
#35 D:/ASZTAL/Új mappa (5)/SutusRobert_Backend/artisan(16): Illuminate/Foundation/Application->handleCommand()
#36 {main}
"} 
[2026-05-12 15:46:19] local.ERROR: SQLSTATE[42S01]: Base table or view already exists: 1050 Table 'ingatlanok' already exists (Connection: mysql, Host: 127.0.0.1, Port: 3306, Database: Ingatlan, SQL: create table `ingatlanok` (`id` bigint unsigned not null auto_increment primary key, `kategoria` bigint unsigned not null, `leiras` varchar(255) null, `hirdetesDatuma` date null default (CURDATE()), `tehermentes` tinyint(1) not null, `ar` int not null, `kepUrl` varchar(255) null) default character set utf8mb4 collate 'utf8mb4_unicode_ci') {"exception":"[object] (Illuminate\\Database\\QueryException(code: 42S01): SQLSTATE[42S01]: Base table or view already exists: 1050 Table 'ingatlanok' already exists (Connection: mysql, Host: 127.0.0.1, Port: 3306, Database: Ingatlan, SQL: create table `ingatlanok` (`id` bigint unsigned not null auto_increment primary key, `kategoria` bigint unsigned not null, `leiras` varchar(255) null, `hirdetesDatuma` date null default (CURDATE()), `tehermentes` tinyint(1) not null, `ar` int not null, `kepUrl` varchar(255) null) default character set utf8mb4 collate 'utf8mb4_unicode_ci') at D:/ASZTAL/Új mappa (5)/SutusRobert_Backend/vendor/laravel/framework/src/Illuminate/Database/Connection.php:838)
[stacktrace]
#0 D:/ASZTAL/Új mappa (5)/SutusRobert_Backend/vendor/laravel/framework/src/Illuminate/Database/Connection.php(794): Illuminate/Database/Connection->runQueryCallback()
#1 D:/ASZTAL/Új mappa (5)/SutusRobert_Backend/vendor/laravel/framework/src/Illuminate/Database/Connection.php(573): Illuminate/Database/Connection->run()
#2 D:/ASZTAL/Új mappa (5)/SutusRobert_Backend/vendor/laravel/framework/src/Illuminate/Database/Schema/Blueprint.php(121): Illuminate/Database/Connection->statement()
#3 D:/ASZTAL/Új mappa (5)/SutusRobert_Backend/vendor/laravel/framework/src/Illuminate/Database/Schema/Builder.php(686): Illuminate/Database/Schema/Blueprint->build()
#4 D:/ASZTAL/Új mappa (5)/SutusRobert_Backend/vendor/laravel/framework/src/Illuminate/Database/Schema/Builder.php(506): Illuminate/Database/Schema/Builder->build()
#5 D:/ASZTAL/Új mappa (5)/SutusRobert_Backend/vendor/laravel/framework/src/Illuminate/Support/Facades/Facade.php(363): Illuminate/Database/Schema/Builder->create()
#6 D:/ASZTAL/Új mappa (5)/SutusRobert_Backend/database/migrations/2026_05_12_152320_create_ingatlanok_table.php(14): Illuminate/Support/Facades/Facade::__callStatic()
#7 D:/ASZTAL/Új mappa (5)/SutusRobert_Backend/vendor/laravel/framework/src/Illuminate/Database/Migrations/Migrator.php(517): Illuminate/Database/Migrations/Migration@anonymous->up()
#8 D:/ASZTAL/Új mappa (5)/SutusRobert_Backend/vendor/laravel/framework/src/Illuminate/Database/Migrations/Migrator.php(442): Illuminate/Database/Migrations/Migrator->runMethod()
#9 D:/ASZTAL/Új mappa (5)/SutusRobert_Backend/vendor/laravel/framework/src/Illuminate/Database/Migrations/Migrator.php(451): Illuminate/Database/Migrations/Migrator->Illuminate/Database/Migrations/{closure}()
#10 D:/ASZTAL/Új mappa (5)/SutusRobert_Backend/vendor/laravel/framework/src/Illuminate/Database/Migrations/Migrator.php(253): Illuminate/Database/Migrations/Migrator->runMigration()
#11 D:/ASZTAL/Új mappa (5)/SutusRobert_Backend/vendor/laravel/framework/src/Illuminate/Console/View/Components/Task.php(41): Illuminate/Database/Migrations/Migrator->Illuminate/Database/Migrations/{closure}()
#12 D:/ASZTAL/Új mappa (5)/SutusRobert_Backend/vendor/laravel/framework/src/Illuminate/Database/Migrations/Migrator.php(814): Illuminate/Console/View/Components/Task->render()
#13 D:/ASZTAL/Új mappa (5)/SutusRobert_Backend/vendor/laravel/framework/src/Illuminate/Database/Migrations/Migrator.php(253): Illuminate/Database/Migrations/Migrator->write()
#14 D:/ASZTAL/Új mappa (5)/SutusRobert_Backend/vendor/laravel/framework/src/Illuminate/Database/Migrations/Migrator.php(211): Illuminate/Database/Migrations/Migrator->runUp()
#15 D:/ASZTAL/Új mappa (5)/SutusRobert_Backend/vendor/laravel/framework/src/Illuminate/Database/Migrations/Migrator.php(138): Illuminate/Database/Migrations/Migrator->runPending()
#16 D:/ASZTAL/Új mappa (5)/SutusRobert_Backend/vendor/laravel/framework/src/Illuminate/Database/Console/Migrations/MigrateCommand.php(116): Illuminate/Database/Migrations/Migrator->run()
#17 D:/ASZTAL/Új mappa (5)/SutusRobert_Backend/vendor/laravel/framework/src/Illuminate/Database/Migrations/Migrator.php(671): Illuminate/Database/Console/Migrations/MigrateCommand->Illuminate/Database/Console/Migrations/{closure}()
#18 D:/ASZTAL/Új mappa (5)/SutusRobert_Backend/vendor/laravel/framework/src/Illuminate/Database/Console/Migrations/MigrateCommand.php(109): Illuminate/Database/Migrations/Migrator->usingConnection()
#19 D:/ASZTAL/Új mappa (5)/SutusRobert_Backend/vendor/laravel/framework/src/Illuminate/Database/Console/Migrations/MigrateCommand.php(88): Illuminate/Database/Console/Migrations/MigrateCommand->runMigrations()
#20 D:/ASZTAL/Új mappa (5)/SutusRobert_Backend/vendor/laravel/framework/src/Illuminate/Container/BoundMethod.php(36): Illuminate/Database/Console/Migrations/MigrateCommand->handle()
#21 D:/ASZTAL/Új mappa (5)/SutusRobert_Backend/vendor/laravel/framework/src/Illuminate/Container/Util.php(43): Illuminate/Container/BoundMethod::Illuminate/Container/{closure}()
#22 D:/ASZTAL/Új mappa (5)/SutusRobert_Backend/vendor/laravel/framework/src/Illuminate/Container/BoundMethod.php(96): Illuminate/Container/Util::unwrapIfClosure()
#23 D:/ASZTAL/Új mappa (5)/SutusRobert_Backend/vendor/laravel/framework/src/Illuminate/Container/BoundMethod.php(35): Illuminate/Container/BoundMethod::callBoundMethod()
#24 D:/ASZTAL/Új mappa (5)/SutusRobert_Backend/vendor/laravel/framework/src/Illuminate/Container/Container.php(799): Illuminate/Container/BoundMethod::call()
#25 D:/ASZTAL/Új mappa (5)/SutusRobert_Backend/vendor/laravel/framework/src/Illuminate/Console/Command.php(211): Illuminate/Container/Container->call()
#26 D:/ASZTAL/Új mappa (5)/SutusRobert_Backend/vendor/symfony/console/Command/Command.php(341): Illuminate/Console/Command->execute()
#27 D:/ASZTAL/Új mappa (5)/SutusRobert_Backend/vendor/laravel/framework/src/Illuminate/Console/Command.php(180): Symfony/Component/Console/Command/Command->run()
#28 D:/ASZTAL/Új mappa (5)/SutusRobert_Backend/vendor/symfony/console/Application.php(1117): Illuminate/Console/Command->run()
#29 D:/ASZTAL/Új mappa (5)/SutusRobert_Backend/vendor/symfony/console/Application.php(356): Symfony/Component/Console/Application->doRunCommand()
#30 D:/ASZTAL/Új mappa (5)/SutusRobert_Backend/vendor/symfony/console/Application.php(195): Symfony/Component/Console/Application->doRun()
#31 D:/ASZTAL/Új mappa (5)/SutusRobert_Backend/vendor/laravel/framework/src/Illuminate/Foundation/Console/Kernel.php(198): Symfony/Component/Console/Application->run()
#32 D:/ASZTAL/Új mappa (5)/SutusRobert_Backend/vendor/laravel/framework/src/Illuminate/Foundation/Application.php(1235): Illuminate/Foundation/Console/Kernel->handle()
#33 D:/ASZTAL/Új mappa (5)/SutusRobert_Backend/artisan(16): Illuminate/Foundation/Application->handleCommand()
#34 {main}

[previous exception] [object] (PDOException(code: 42S01): SQLSTATE[42S01]: Base table or view already exists: 1050 Table 'ingatlanok' already exists at D:/ASZTAL/Új mappa (5)/SutusRobert_Backend/vendor/laravel/framework/src/Illuminate/Database/Connection.php:584)
[stacktrace]
#0 D:/ASZTAL/Új mappa (5)/SutusRobert_Backend/vendor/laravel/framework/src/Illuminate/Database/Connection.php(584): PDOStatement->execute()
#1 D:/ASZTAL/Új mappa (5)/SutusRobert_Backend/vendor/laravel/framework/src/Illuminate/Database/Connection.php(827): Illuminate/Database/Connection->Illuminate/Database/{closure}()
#2 D:/ASZTAL/Új mappa (5)/SutusRobert_Backend/vendor/laravel/framework/src/Illuminate/Database/Connection.php(794): Illuminate/Database/Connection->runQueryCallback()
#3 D:/ASZTAL/Új mappa (5)/SutusRobert_Backend/vendor/laravel/framework/src/Illuminate/Database/Connection.php(573): Illuminate/Database/Connection->run()
#4 D:/ASZTAL/Új mappa (5)/SutusRobert_Backend/vendor/laravel/framework/src/Illuminate/Database/Schema/Blueprint.php(121): Illuminate/Database/Connection->statement()
#5 D:/ASZTAL/Új mappa (5)/SutusRobert_Backend/vendor/laravel/framework/src/Illuminate/Database/Schema/Builder.php(686): Illuminate/Database/Schema/Blueprint->build()
#6 D:/ASZTAL/Új mappa (5)/SutusRobert_Backend/vendor/laravel/framework/src/Illuminate/Database/Schema/Builder.php(506): Illuminate/Database/Schema/Builder->build()
#7 D:/ASZTAL/Új mappa (5)/SutusRobert_Backend/vendor/laravel/framework/src/Illuminate/Support/Facades/Facade.php(363): Illuminate/Database/Schema/Builder->create()
#8 D:/ASZTAL/Új mappa (5)/SutusRobert_Backend/database/migrations/2026_05_12_152320_create_ingatlanok_table.php(14): Illuminate/Support/Facades/Facade::__callStatic()
#9 D:/ASZTAL/Új mappa (5)/SutusRobert_Backend/vendor/laravel/framework/src/Illuminate/Database/Migrations/Migrator.php(517): Illuminate/Database/Migrations/Migration@anonymous->up()
#10 D:/ASZTAL/Új mappa (5)/SutusRobert_Backend/vendor/laravel/framework/src/Illuminate/Database/Migrations/Migrator.php(442): Illuminate/Database/Migrations/Migrator->runMethod()
#11 D:/ASZTAL/Új mappa (5)/SutusRobert_Backend/vendor/laravel/framework/src/Illuminate/Database/Migrations/Migrator.php(451): Illuminate/Database/Migrations/Migrator->Illuminate/Database/Migrations/{closure}()
#12 D:/ASZTAL/Új mappa (5)/SutusRobert_Backend/vendor/laravel/framework/src/Illuminate/Database/Migrations/Migrator.php(253): Illuminate/Database/Migrations/Migrator->runMigration()
#13 D:/ASZTAL/Új mappa (5)/SutusRobert_Backend/vendor/laravel/framework/src/Illuminate/Console/View/Components/Task.php(41): Illuminate/Database/Migrations/Migrator->Illuminate/Database/Migrations/{closure}()
#14 D:/ASZTAL/Új mappa (5)/SutusRobert_Backend/vendor/laravel/framework/src/Illuminate/Database/Migrations/Migrator.php(814): Illuminate/Console/View/Components/Task->render()
#15 D:/ASZTAL/Új mappa (5)/SutusRobert_Backend/vendor/laravel/framework/src/Illuminate/Database/Migrations/Migrator.php(253): Illuminate/Database/Migrations/Migrator->write()
#16 D:/ASZTAL/Új mappa (5)/SutusRobert_Backend/vendor/laravel/framework/src/Illuminate/Database/Migrations/Migrator.php(211): Illuminate/Database/Migrations/Migrator->runUp()
#17 D:/ASZTAL/Új mappa (5)/SutusRobert_Backend/vendor/laravel/framework/src/Illuminate/Database/Migrations/Migrator.php(138): Illuminate/Database/Migrations/Migrator->runPending()
#18 D:/ASZTAL/Új mappa (5)/SutusRobert_Backend/vendor/laravel/framework/src/Illuminate/Database/Console/Migrations/MigrateCommand.php(116): Illuminate/Database/Migrations/Migrator->run()
#19 D:/ASZTAL/Új mappa (5)/SutusRobert_Backend/vendor/laravel/framework/src/Illuminate/Database/Migrations/Migrator.php(671): Illuminate/Database/Console/Migrations/MigrateCommand->Illuminate/Database/Console/Migrations/{closure}()
#20 D:/ASZTAL/Új mappa (5)/SutusRobert_Backend/vendor/laravel/framework/src/Illuminate/Database/Console/Migrations/MigrateCommand.php(109): Illuminate/Database/Migrations/Migrator->usingConnection()
#21 D:/ASZTAL/Új mappa (5)/SutusRobert_Backend/vendor/laravel/framework/src/Illuminate/Database/Console/Migrations/MigrateCommand.php(88): Illuminate/Database/Console/Migrations/MigrateCommand->runMigrations()
#22 D:/ASZTAL/Új mappa (5)/SutusRobert_Backend/vendor/laravel/framework/src/Illuminate/Container/BoundMethod.php(36): Illuminate/Database/Console/Migrations/MigrateCommand->handle()
#23 D:/ASZTAL/Új mappa (5)/SutusRobert_Backend/vendor/laravel/framework/src/Illuminate/Container/Util.php(43): Illuminate/Container/BoundMethod::Illuminate/Container/{closure}()
#24 D:/ASZTAL/Új mappa (5)/SutusRobert_Backend/vendor/laravel/framework/src/Illuminate/Container/BoundMethod.php(96): Illuminate/Container/Util::unwrapIfClosure()
#25 D:/ASZTAL/Új mappa (5)/SutusRobert_Backend/vendor/laravel/framework/src/Illuminate/Container/BoundMethod.php(35): Illuminate/Container/BoundMethod::callBoundMethod()
#26 D:/ASZTAL/Új mappa (5)/SutusRobert_Backend/vendor/laravel/framework/src/Illuminate/Container/Container.php(799): Illuminate/Container/BoundMethod::call()
#27 D:/ASZTAL/Új mappa (5)/SutusRobert_Backend/vendor/laravel/framework/src/Illuminate/Console/Command.php(211): Illuminate/Container/Container->call()
#28 D:/ASZTAL/Új mappa (5)/SutusRobert_Backend/vendor/symfony/console/Command/Command.php(341): Illuminate/Console/Command->execute()
#29 D:/ASZTAL/Új mappa (5)/SutusRobert_Backend/vendor/laravel/framework/src/Illuminate/Console/Command.php(180): Symfony/Component/Console/Command/Command->run()
#30 D:/ASZTAL/Új mappa (5)/SutusRobert_Backend/vendor/symfony/console/Application.php(1117): Illuminate/Console/Command->run()
#31 D:/ASZTAL/Új mappa (5)/SutusRobert_Backend/vendor/symfony/console/Application.php(356): Symfony/Component/Console/Application->doRunCommand()
#32 D:/ASZTAL/Új mappa (5)/SutusRobert_Backend/vendor/symfony/console/Application.php(195): Symfony/Component/Console/Application->doRun()
#33 D:/ASZTAL/Új mappa (5)/SutusRobert_Backend/vendor/laravel/framework/src/Illuminate/Foundation/Console/Kernel.php(198): Symfony/Component/Console/Application->run()
#34 D:/ASZTAL/Új mappa (5)/SutusRobert_Backend/vendor/laravel/framework/src/Illuminate/Foundation/Application.php(1235): Illuminate/Foundation/Console/Kernel->handle()
#35 D:/ASZTAL/Új mappa (5)/SutusRobert_Backend/artisan(16): Illuminate/Foundation/Application->handleCommand()
#36 {main}
"} 
[2026-05-12 15:46:25] local.ERROR: SQLSTATE[HY000]: General error: 1824 Failed to open the referenced table 'kategoriak' (Connection: mysql, Host: 127.0.0.1, Port: 3306, Database: Ingatlan, SQL: alter table `ingatlanok` add constraint `ingatlanok_kategoria_foreign` foreign key (`kategoria`) references `kategoriak` (`id`)) {"exception":"[object] (Illuminate\\Database\\QueryException(code: HY000): SQLSTATE[HY000]: General error: 1824 Failed to open the referenced table 'kategoriak' (Connection: mysql, Host: 127.0.0.1, Port: 3306, Database: Ingatlan, SQL: alter table `ingatlanok` add constraint `ingatlanok_kategoria_foreign` foreign key (`kategoria`) references `kategoriak` (`id`)) at D:/ASZTAL/Új mappa (5)/SutusRobert_Backend/vendor/laravel/framework/src/Illuminate/Database/Connection.php:838)
[stacktrace]
#0 D:/ASZTAL/Új mappa (5)/SutusRobert_Backend/vendor/laravel/framework/src/Illuminate/Database/Connection.php(794): Illuminate/Database/Connection->runQueryCallback()
#1 D:/ASZTAL/Új mappa (5)/SutusRobert_Backend/vendor/laravel/framework/src/Illuminate/Database/Connection.php(573): Illuminate/Database/Connection->run()
#2 D:/ASZTAL/Új mappa (5)/SutusRobert_Backend/vendor/laravel/framework/src/Illuminate/Database/Schema/Blueprint.php(121): Illuminate/Database/Connection->statement()
#3 D:/ASZTAL/Új mappa (5)/SutusRobert_Backend/vendor/laravel/framework/src/Illuminate/Database/Schema/Builder.php(686): Illuminate/Database/Schema/Blueprint->build()
#4 D:/ASZTAL/Új mappa (5)/SutusRobert_Backend/vendor/laravel/framework/src/Illuminate/Database/Schema/Builder.php(506): Illuminate/Database/Schema/Builder->build()
#5 D:/ASZTAL/Új mappa (5)/SutusRobert_Backend/vendor/laravel/framework/src/Illuminate/Support/Facades/Facade.php(363): Illuminate/Database/Schema/Builder->create()
#6 D:/ASZTAL/Új mappa (5)/SutusRobert_Backend/database/migrations/2026_05_12_152320_create_ingatlanok_table.php(14): Illuminate/Support/Facades/Facade::__callStatic()
#7 D:/ASZTAL/Új mappa (5)/SutusRobert_Backend/vendor/laravel/framework/src/Illuminate/Database/Migrations/Migrator.php(517): Illuminate/Database/Migrations/Migration@anonymous->up()
#8 D:/ASZTAL/Új mappa (5)/SutusRobert_Backend/vendor/laravel/framework/src/Illuminate/Database/Migrations/Migrator.php(442): Illuminate/Database/Migrations/Migrator->runMethod()
#9 D:/ASZTAL/Új mappa (5)/SutusRobert_Backend/vendor/laravel/framework/src/Illuminate/Database/Migrations/Migrator.php(451): Illuminate/Database/Migrations/Migrator->Illuminate/Database/Migrations/{closure}()
#10 D:/ASZTAL/Új mappa (5)/SutusRobert_Backend/vendor/laravel/framework/src/Illuminate/Database/Migrations/Migrator.php(253): Illuminate/Database/Migrations/Migrator->runMigration()
#11 D:/ASZTAL/Új mappa (5)/SutusRobert_Backend/vendor/laravel/framework/src/Illuminate/Console/View/Components/Task.php(41): Illuminate/Database/Migrations/Migrator->Illuminate/Database/Migrations/{closure}()
#12 D:/ASZTAL/Új mappa (5)/SutusRobert_Backend/vendor/laravel/framework/src/Illuminate/Database/Migrations/Migrator.php(814): Illuminate/Console/View/Components/Task->render()
#13 D:/ASZTAL/Új mappa (5)/SutusRobert_Backend/vendor/laravel/framework/src/Illuminate/Database/Migrations/Migrator.php(253): Illuminate/Database/Migrations/Migrator->write()
#14 D:/ASZTAL/Új mappa (5)/SutusRobert_Backend/vendor/laravel/framework/src/Illuminate/Database/Migrations/Migrator.php(211): Illuminate/Database/Migrations/Migrator->runUp()
#15 D:/ASZTAL/Új mappa (5)/SutusRobert_Backend/vendor/laravel/framework/src/Illuminate/Database/Migrations/Migrator.php(138): Illuminate/Database/Migrations/Migrator->runPending()
#16 D:/ASZTAL/Új mappa (5)/SutusRobert_Backend/vendor/laravel/framework/src/Illuminate/Database/Console/Migrations/MigrateCommand.php(116): Illuminate/Database/Migrations/Migrator->run()
#17 D:/ASZTAL/Új mappa (5)/SutusRobert_Backend/vendor/laravel/framework/src/Illuminate/Database/Migrations/Migrator.php(671): Illuminate/Database/Console/Migrations/MigrateCommand->Illuminate/Database/Console/Migrations/{closure}()
#18 D:/ASZTAL/Új mappa (5)/SutusRobert_Backend/vendor/laravel/framework/src/Illuminate/Database/Console/Migrations/MigrateCommand.php(109): Illuminate/Database/Migrations/Migrator->usingConnection()
#19 D:/ASZTAL/Új mappa (5)/SutusRobert_Backend/vendor/laravel/framework/src/Illuminate/Database/Console/Migrations/MigrateCommand.php(88): Illuminate/Database/Console/Migrations/MigrateCommand->runMigrations()
#20 D:/ASZTAL/Új mappa (5)/SutusRobert_Backend/vendor/laravel/framework/src/Illuminate/Container/BoundMethod.php(36): Illuminate/Database/Console/Migrations/MigrateCommand->handle()
#21 D:/ASZTAL/Új mappa (5)/SutusRobert_Backend/vendor/laravel/framework/src/Illuminate/Container/Util.php(43): Illuminate/Container/BoundMethod::Illuminate/Container/{closure}()
#22 D:/ASZTAL/Új mappa (5)/SutusRobert_Backend/vendor/laravel/framework/src/Illuminate/Container/BoundMethod.php(96): Illuminate/Container/Util::unwrapIfClosure()
#23 D:/ASZTAL/Új mappa (5)/SutusRobert_Backend/vendor/laravel/framework/src/Illuminate/Container/BoundMethod.php(35): Illuminate/Container/BoundMethod::callBoundMethod()
#24 D:/ASZTAL/Új mappa (5)/SutusRobert_Backend/vendor/laravel/framework/src/Illuminate/Container/Container.php(799): Illuminate/Container/BoundMethod::call()
#25 D:/ASZTAL/Új mappa (5)/SutusRobert_Backend/vendor/laravel/framework/src/Illuminate/Console/Command.php(211): Illuminate/Container/Container->call()
#26 D:/ASZTAL/Új mappa (5)/SutusRobert_Backend/vendor/symfony/console/Command/Command.php(341): Illuminate/Console/Command->execute()
#27 D:/ASZTAL/Új mappa (5)/SutusRobert_Backend/vendor/laravel/framework/src/Illuminate/Console/Command.php(180): Symfony/Component/Console/Command/Command->run()
#28 D:/ASZTAL/Új mappa (5)/SutusRobert_Backend/vendor/symfony/console/Application.php(1117): Illuminate/Console/Command->run()
#29 D:/ASZTAL/Új mappa (5)/SutusRobert_Backend/vendor/symfony/console/Application.php(356): Symfony/Component/Console/Application->doRunCommand()
#30 D:/ASZTAL/Új mappa (5)/SutusRobert_Backend/vendor/symfony/console/Application.php(195): Symfony/Component/Console/Application->doRun()
#31 D:/ASZTAL/Új mappa (5)/SutusRobert_Backend/vendor/laravel/framework/src/Illuminate/Foundation/Console/Kernel.php(198): Symfony/Component/Console/Application->run()
#32 D:/ASZTAL/Új mappa (5)/SutusRobert_Backend/vendor/laravel/framework/src/Illuminate/Foundation/Application.php(1235): Illuminate/Foundation/Console/Kernel->handle()
#33 D:/ASZTAL/Új mappa (5)/SutusRobert_Backend/artisan(16): Illuminate/Foundation/Application->handleCommand()
#34 {main}

[previous exception] [object] (PDOException(code: HY000): SQLSTATE[HY000]: General error: 1824 Failed to open the referenced table 'kategoriak' at D:/ASZTAL/Új mappa (5)/SutusRobert_Backend/vendor/laravel/framework/src/Illuminate/Database/Connection.php:584)
[stacktrace]
#0 D:/ASZTAL/Új mappa (5)/SutusRobert_Backend/vendor/laravel/framework/src/Illuminate/Database/Connection.php(584): PDOStatement->execute()
#1 D:/ASZTAL/Új mappa (5)/SutusRobert_Backend/vendor/laravel/framework/src/Illuminate/Database/Connection.php(827): Illuminate/Database/Connection->Illuminate/Database/{closure}()
#2 D:/ASZTAL/Új mappa (5)/SutusRobert_Backend/vendor/laravel/framework/src/Illuminate/Database/Connection.php(794): Illuminate/Database/Connection->runQueryCallback()
#3 D:/ASZTAL/Új mappa (5)/SutusRobert_Backend/vendor/laravel/framework/src/Illuminate/Database/Connection.php(573): Illuminate/Database/Connection->run()
#4 D:/ASZTAL/Új mappa (5)/SutusRobert_Backend/vendor/laravel/framework/src/Illuminate/Database/Schema/Blueprint.php(121): Illuminate/Database/Connection->statement()
#5 D:/ASZTAL/Új mappa (5)/SutusRobert_Backend/vendor/laravel/framework/src/Illuminate/Database/Schema/Builder.php(686): Illuminate/Database/Schema/Blueprint->build()
#6 D:/ASZTAL/Új mappa (5)/SutusRobert_Backend/vendor/laravel/framework/src/Illuminate/Database/Schema/Builder.php(506): Illuminate/Database/Schema/Builder->build()
#7 D:/ASZTAL/Új mappa (5)/SutusRobert_Backend/vendor/laravel/framework/src/Illuminate/Support/Facades/Facade.php(363): Illuminate/Database/Schema/Builder->create()
#8 D:/ASZTAL/Új mappa (5)/SutusRobert_Backend/database/migrations/2026_05_12_152320_create_ingatlanok_table.php(14): Illuminate/Support/Facades/Facade::__callStatic()
#9 D:/ASZTAL/Új mappa (5)/SutusRobert_Backend/vendor/laravel/framework/src/Illuminate/Database/Migrations/Migrator.php(517): Illuminate/Database/Migrations/Migration@anonymous->up()
#10 D:/ASZTAL/Új mappa (5)/SutusRobert_Backend/vendor/laravel/framework/src/Illuminate/Database/Migrations/Migrator.php(442): Illuminate/Database/Migrations/Migrator->runMethod()
#11 D:/ASZTAL/Új mappa (5)/SutusRobert_Backend/vendor/laravel/framework/src/Illuminate/Database/Migrations/Migrator.php(451): Illuminate/Database/Migrations/Migrator->Illuminate/Database/Migrations/{closure}()
#12 D:/ASZTAL/Új mappa (5)/SutusRobert_Backend/vendor/laravel/framework/src/Illuminate/Database/Migrations/Migrator.php(253): Illuminate/Database/Migrations/Migrator->runMigration()
#13 D:/ASZTAL/Új mappa (5)/SutusRobert_Backend/vendor/laravel/framework/src/Illuminate/Console/View/Components/Task.php(41): Illuminate/Database/Migrations/Migrator->Illuminate/Database/Migrations/{closure}()
#14 D:/ASZTAL/Új mappa (5)/SutusRobert_Backend/vendor/laravel/framework/src/Illuminate/Database/Migrations/Migrator.php(814): Illuminate/Console/View/Components/Task->render()
#15 D:/ASZTAL/Új mappa (5)/SutusRobert_Backend/vendor/laravel/framework/src/Illuminate/Database/Migrations/Migrator.php(253): Illuminate/Database/Migrations/Migrator->write()
#16 D:/ASZTAL/Új mappa (5)/SutusRobert_Backend/vendor/laravel/framework/src/Illuminate/Database/Migrations/Migrator.php(211): Illuminate/Database/Migrations/Migrator->runUp()
#17 D:/ASZTAL/Új mappa (5)/SutusRobert_Backend/vendor/laravel/framework/src/Illuminate/Database/Migrations/Migrator.php(138): Illuminate/Database/Migrations/Migrator->runPending()
#18 D:/ASZTAL/Új mappa (5)/SutusRobert_Backend/vendor/laravel/framework/src/Illuminate/Database/Console/Migrations/MigrateCommand.php(116): Illuminate/Database/Migrations/Migrator->run()
#19 D:/ASZTAL/Új mappa (5)/SutusRobert_Backend/vendor/laravel/framework/src/Illuminate/Database/Migrations/Migrator.php(671): Illuminate/Database/Console/Migrations/MigrateCommand->Illuminate/Database/Console/Migrations/{closure}()
#20 D:/ASZTAL/Új mappa (5)/SutusRobert_Backend/vendor/laravel/framework/src/Illuminate/Database/Console/Migrations/MigrateCommand.php(109): Illuminate/Database/Migrations/Migrator->usingConnection()
#21 D:/ASZTAL/Új mappa (5)/SutusRobert_Backend/vendor/laravel/framework/src/Illuminate/Database/Console/Migrations/MigrateCommand.php(88): Illuminate/Database/Console/Migrations/MigrateCommand->runMigrations()
#22 D:/ASZTAL/Új mappa (5)/SutusRobert_Backend/vendor/laravel/framework/src/Illuminate/Container/BoundMethod.php(36): Illuminate/Database/Console/Migrations/MigrateCommand->handle()
#23 D:/ASZTAL/Új mappa (5)/SutusRobert_Backend/vendor/laravel/framework/src/Illuminate/Container/Util.php(43): Illuminate/Container/BoundMethod::Illuminate/Container/{closure}()
#24 D:/ASZTAL/Új mappa (5)/SutusRobert_Backend/vendor/laravel/framework/src/Illuminate/Container/BoundMethod.php(96): Illuminate/Container/Util::unwrapIfClosure()
#25 D:/ASZTAL/Új mappa (5)/SutusRobert_Backend/vendor/laravel/framework/src/Illuminate/Container/BoundMethod.php(35): Illuminate/Container/BoundMethod::callBoundMethod()
#26 D:/ASZTAL/Új mappa (5)/SutusRobert_Backend/vendor/laravel/framework/src/Illuminate/Container/Container.php(799): Illuminate/Container/BoundMethod::call()
#27 D:/ASZTAL/Új mappa (5)/SutusRobert_Backend/vendor/laravel/framework/src/Illuminate/Console/Command.php(211): Illuminate/Container/Container->call()
#28 D:/ASZTAL/Új mappa (5)/SutusRobert_Backend/vendor/symfony/console/Command/Command.php(341): Illuminate/Console/Command->execute()
#29 D:/ASZTAL/Új mappa (5)/SutusRobert_Backend/vendor/laravel/framework/src/Illuminate/Console/Command.php(180): Symfony/Component/Console/Command/Command->run()
#30 D:/ASZTAL/Új mappa (5)/SutusRobert_Backend/vendor/symfony/console/Application.php(1117): Illuminate/Console/Command->run()
#31 D:/ASZTAL/Új mappa (5)/SutusRobert_Backend/vendor/symfony/console/Application.php(356): Symfony/Component/Console/Application->doRunCommand()
#32 D:/ASZTAL/Új mappa (5)/SutusRobert_Backend/vendor/symfony/console/Application.php(195): Symfony/Component/Console/Application->doRun()
#33 D:/ASZTAL/Új mappa (5)/SutusRobert_Backend/vendor/laravel/framework/src/Illuminate/Foundation/Console/Kernel.php(198): Symfony/Component/Console/Application->run()
#34 D:/ASZTAL/Új mappa (5)/SutusRobert_Backend/vendor/laravel/framework/src/Illuminate/Foundation/Application.php(1235): Illuminate/Foundation/Console/Kernel->handle()
#35 D:/ASZTAL/Új mappa (5)/SutusRobert_Backend/artisan(16): Illuminate/Foundation/Application->handleCommand()
#36 {main}
"} 
[2026-05-12 15:46:44] local.ERROR: SQLSTATE[42S01]: Base table or view already exists: 1050 Table 'ingatlanok' already exists (Connection: mysql, Host: 127.0.0.1, Port: 3306, Database: Ingatlan, SQL: create table `ingatlanok` (`id` bigint unsigned not null auto_increment primary key, `kategoria` bigint unsigned not null, `leiras` varchar(255) null, `hirdetesDatuma` date null default (CURDATE()), `tehermentes` tinyint(1) not null, `ar` int not null, `kepUrl` varchar(255) null) default character set utf8mb4 collate 'utf8mb4_unicode_ci') {"exception":"[object] (Illuminate\\Database\\QueryException(code: 42S01): SQLSTATE[42S01]: Base table or view already exists: 1050 Table 'ingatlanok' already exists (Connection: mysql, Host: 127.0.0.1, Port: 3306, Database: Ingatlan, SQL: create table `ingatlanok` (`id` bigint unsigned not null auto_increment primary key, `kategoria` bigint unsigned not null, `leiras` varchar(255) null, `hirdetesDatuma` date null default (CURDATE()), `tehermentes` tinyint(1) not null, `ar` int not null, `kepUrl` varchar(255) null) default character set utf8mb4 collate 'utf8mb4_unicode_ci') at D:/ASZTAL/Új mappa (5)/SutusRobert_Backend/vendor/laravel/framework/src/Illuminate/Database/Connection.php:838)
[stacktrace]
#0 D:/ASZTAL/Új mappa (5)/SutusRobert_Backend/vendor/laravel/framework/src/Illuminate/Database/Connection.php(794): Illuminate/Database/Connection->runQueryCallback()
#1 D:/ASZTAL/Új mappa (5)/SutusRobert_Backend/vendor/laravel/framework/src/Illuminate/Database/Connection.php(573): Illuminate/Database/Connection->run()
#2 D:/ASZTAL/Új mappa (5)/SutusRobert_Backend/vendor/laravel/framework/src/Illuminate/Database/Schema/Blueprint.php(121): Illuminate/Database/Connection->statement()
#3 D:/ASZTAL/Új mappa (5)/SutusRobert_Backend/vendor/laravel/framework/src/Illuminate/Database/Schema/Builder.php(686): Illuminate/Database/Schema/Blueprint->build()
#4 D:/ASZTAL/Új mappa (5)/SutusRobert_Backend/vendor/laravel/framework/src/Illuminate/Database/Schema/Builder.php(506): Illuminate/Database/Schema/Builder->build()
#5 D:/ASZTAL/Új mappa (5)/SutusRobert_Backend/vendor/laravel/framework/src/Illuminate/Support/Facades/Facade.php(363): Illuminate/Database/Schema/Builder->create()
#6 D:/ASZTAL/Új mappa (5)/SutusRobert_Backend/database/migrations/2026_05_12_152320_create_ingatlanok_table.php(14): Illuminate/Support/Facades/Facade::__callStatic()
#7 D:/ASZTAL/Új mappa (5)/SutusRobert_Backend/vendor/laravel/framework/src/Illuminate/Database/Migrations/Migrator.php(517): Illuminate/Database/Migrations/Migration@anonymous->up()
#8 D:/ASZTAL/Új mappa (5)/SutusRobert_Backend/vendor/laravel/framework/src/Illuminate/Database/Migrations/Migrator.php(442): Illuminate/Database/Migrations/Migrator->runMethod()
#9 D:/ASZTAL/Új mappa (5)/SutusRobert_Backend/vendor/laravel/framework/src/Illuminate/Database/Migrations/Migrator.php(451): Illuminate/Database/Migrations/Migrator->Illuminate/Database/Migrations/{closure}()
#10 D:/ASZTAL/Új mappa (5)/SutusRobert_Backend/vendor/laravel/framework/src/Illuminate/Database/Migrations/Migrator.php(253): Illuminate/Database/Migrations/Migrator->runMigration()
#11 D:/ASZTAL/Új mappa (5)/SutusRobert_Backend/vendor/laravel/framework/src/Illuminate/Console/View/Components/Task.php(41): Illuminate/Database/Migrations/Migrator->Illuminate/Database/Migrations/{closure}()
#12 D:/ASZTAL/Új mappa (5)/SutusRobert_Backend/vendor/laravel/framework/src/Illuminate/Database/Migrations/Migrator.php(814): Illuminate/Console/View/Components/Task->render()
#13 D:/ASZTAL/Új mappa (5)/SutusRobert_Backend/vendor/laravel/framework/src/Illuminate/Database/Migrations/Migrator.php(253): Illuminate/Database/Migrations/Migrator->write()
#14 D:/ASZTAL/Új mappa (5)/SutusRobert_Backend/vendor/laravel/framework/src/Illuminate/Database/Migrations/Migrator.php(211): Illuminate/Database/Migrations/Migrator->runUp()
#15 D:/ASZTAL/Új mappa (5)/SutusRobert_Backend/vendor/laravel/framework/src/Illuminate/Database/Migrations/Migrator.php(138): Illuminate/Database/Migrations/Migrator->runPending()
#16 D:/ASZTAL/Új mappa (5)/SutusRobert_Backend/vendor/laravel/framework/src/Illuminate/Database/Console/Migrations/MigrateCommand.php(116): Illuminate/Database/Migrations/Migrator->run()
#17 D:/ASZTAL/Új mappa (5)/SutusRobert_Backend/vendor/laravel/framework/src/Illuminate/Database/Migrations/Migrator.php(671): Illuminate/Database/Console/Migrations/MigrateCommand->Illuminate/Database/Console/Migrations/{closure}()
#18 D:/ASZTAL/Új mappa (5)/SutusRobert_Backend/vendor/laravel/framework/src/Illuminate/Database/Console/Migrations/MigrateCommand.php(109): Illuminate/Database/Migrations/Migrator->usingConnection()
#19 D:/ASZTAL/Új mappa (5)/SutusRobert_Backend/vendor/laravel/framework/src/Illuminate/Database/Console/Migrations/MigrateCommand.php(88): Illuminate/Database/Console/Migrations/MigrateCommand->runMigrations()
#20 D:/ASZTAL/Új mappa (5)/SutusRobert_Backend/vendor/laravel/framework/src/Illuminate/Container/BoundMethod.php(36): Illuminate/Database/Console/Migrations/MigrateCommand->handle()
#21 D:/ASZTAL/Új mappa (5)/SutusRobert_Backend/vendor/laravel/framework/src/Illuminate/Container/Util.php(43): Illuminate/Container/BoundMethod::Illuminate/Container/{closure}()
#22 D:/ASZTAL/Új mappa (5)/SutusRobert_Backend/vendor/laravel/framework/src/Illuminate/Container/BoundMethod.php(96): Illuminate/Container/Util::unwrapIfClosure()
#23 D:/ASZTAL/Új mappa (5)/SutusRobert_Backend/vendor/laravel/framework/src/Illuminate/Container/BoundMethod.php(35): Illuminate/Container/BoundMethod::callBoundMethod()
#24 D:/ASZTAL/Új mappa (5)/SutusRobert_Backend/vendor/laravel/framework/src/Illuminate/Container/Container.php(799): Illuminate/Container/BoundMethod::call()
#25 D:/ASZTAL/Új mappa (5)/SutusRobert_Backend/vendor/laravel/framework/src/Illuminate/Console/Command.php(211): Illuminate/Container/Container->call()
#26 D:/ASZTAL/Új mappa (5)/SutusRobert_Backend/vendor/symfony/console/Command/Command.php(341): Illuminate/Console/Command->execute()
#27 D:/ASZTAL/Új mappa (5)/SutusRobert_Backend/vendor/laravel/framework/src/Illuminate/Console/Command.php(180): Symfony/Component/Console/Command/Command->run()
#28 D:/ASZTAL/Új mappa (5)/SutusRobert_Backend/vendor/symfony/console/Application.php(1117): Illuminate/Console/Command->run()
#29 D:/ASZTAL/Új mappa (5)/SutusRobert_Backend/vendor/symfony/console/Application.php(356): Symfony/Component/Console/Application->doRunCommand()
#30 D:/ASZTAL/Új mappa (5)/SutusRobert_Backend/vendor/symfony/console/Application.php(195): Symfony/Component/Console/Application->doRun()
#31 D:/ASZTAL/Új mappa (5)/SutusRobert_Backend/vendor/laravel/framework/src/Illuminate/Foundation/Console/Kernel.php(198): Symfony/Component/Console/Application->run()
#32 D:/ASZTAL/Új mappa (5)/SutusRobert_Backend/vendor/laravel/framework/src/Illuminate/Foundation/Application.php(1235): Illuminate/Foundation/Console/Kernel->handle()
#33 D:/ASZTAL/Új mappa (5)/SutusRobert_Backend/artisan(16): Illuminate/Foundation/Application->handleCommand()
#34 {main}

[previous exception] [object] (PDOException(code: 42S01): SQLSTATE[42S01]: Base table or view already exists: 1050 Table 'ingatlanok' already exists at D:/ASZTAL/Új mappa (5)/SutusRobert_Backend/vendor/laravel/framework/src/Illuminate/Database/Connection.php:584)
[stacktrace]
#0 D:/ASZTAL/Új mappa (5)/SutusRobert_Backend/vendor/laravel/framework/src/Illuminate/Database/Connection.php(584): PDOStatement->execute()
#1 D:/ASZTAL/Új mappa (5)/SutusRobert_Backend/vendor/laravel/framework/src/Illuminate/Database/Connection.php(827): Illuminate/Database/Connection->Illuminate/Database/{closure}()
#2 D:/ASZTAL/Új mappa (5)/SutusRobert_Backend/vendor/laravel/framework/src/Illuminate/Database/Connection.php(794): Illuminate/Database/Connection->runQueryCallback()
#3 D:/ASZTAL/Új mappa (5)/SutusRobert_Backend/vendor/laravel/framework/src/Illuminate/Database/Connection.php(573): Illuminate/Database/Connection->run()
#4 D:/ASZTAL/Új mappa (5)/SutusRobert_Backend/vendor/laravel/framework/src/Illuminate/Database/Schema/Blueprint.php(121): Illuminate/Database/Connection->statement()
#5 D:/ASZTAL/Új mappa (5)/SutusRobert_Backend/vendor/laravel/framework/src/Illuminate/Database/Schema/Builder.php(686): Illuminate/Database/Schema/Blueprint->build()
#6 D:/ASZTAL/Új mappa (5)/SutusRobert_Backend/vendor/laravel/framework/src/Illuminate/Database/Schema/Builder.php(506): Illuminate/Database/Schema/Builder->build()
#7 D:/ASZTAL/Új mappa (5)/SutusRobert_Backend/vendor/laravel/framework/src/Illuminate/Support/Facades/Facade.php(363): Illuminate/Database/Schema/Builder->create()
#8 D:/ASZTAL/Új mappa (5)/SutusRobert_Backend/database/migrations/2026_05_12_152320_create_ingatlanok_table.php(14): Illuminate/Support/Facades/Facade::__callStatic()
#9 D:/ASZTAL/Új mappa (5)/SutusRobert_Backend/vendor/laravel/framework/src/Illuminate/Database/Migrations/Migrator.php(517): Illuminate/Database/Migrations/Migration@anonymous->up()
#10 D:/ASZTAL/Új mappa (5)/SutusRobert_Backend/vendor/laravel/framework/src/Illuminate/Database/Migrations/Migrator.php(442): Illuminate/Database/Migrations/Migrator->runMethod()
#11 D:/ASZTAL/Új mappa (5)/SutusRobert_Backend/vendor/laravel/framework/src/Illuminate/Database/Migrations/Migrator.php(451): Illuminate/Database/Migrations/Migrator->Illuminate/Database/Migrations/{closure}()
#12 D:/ASZTAL/Új mappa (5)/SutusRobert_Backend/vendor/laravel/framework/src/Illuminate/Database/Migrations/Migrator.php(253): Illuminate/Database/Migrations/Migrator->runMigration()
#13 D:/ASZTAL/Új mappa (5)/SutusRobert_Backend/vendor/laravel/framework/src/Illuminate/Console/View/Components/Task.php(41): Illuminate/Database/Migrations/Migrator->Illuminate/Database/Migrations/{closure}()
#14 D:/ASZTAL/Új mappa (5)/SutusRobert_Backend/vendor/laravel/framework/src/Illuminate/Database/Migrations/Migrator.php(814): Illuminate/Console/View/Components/Task->render()
#15 D:/ASZTAL/Új mappa (5)/SutusRobert_Backend/vendor/laravel/framework/src/Illuminate/Database/Migrations/Migrator.php(253): Illuminate/Database/Migrations/Migrator->write()
#16 D:/ASZTAL/Új mappa (5)/SutusRobert_Backend/vendor/laravel/framework/src/Illuminate/Database/Migrations/Migrator.php(211): Illuminate/Database/Migrations/Migrator->runUp()
#17 D:/ASZTAL/Új mappa (5)/SutusRobert_Backend/vendor/laravel/framework/src/Illuminate/Database/Migrations/Migrator.php(138): Illuminate/Database/Migrations/Migrator->runPending()
#18 D:/ASZTAL/Új mappa (5)/SutusRobert_Backend/vendor/laravel/framework/src/Illuminate/Database/Console/Migrations/MigrateCommand.php(116): Illuminate/Database/Migrations/Migrator->run()
#19 D:/ASZTAL/Új mappa (5)/SutusRobert_Backend/vendor/laravel/framework/src/Illuminate/Database/Migrations/Migrator.php(671): Illuminate/Database/Console/Migrations/MigrateCommand->Illuminate/Database/Console/Migrations/{closure}()
#20 D:/ASZTAL/Új mappa (5)/SutusRobert_Backend/vendor/laravel/framework/src/Illuminate/Database/Console/Migrations/MigrateCommand.php(109): Illuminate/Database/Migrations/Migrator->usingConnection()
#21 D:/ASZTAL/Új mappa (5)/SutusRobert_Backend/vendor/laravel/framework/src/Illuminate/Database/Console/Migrations/MigrateCommand.php(88): Illuminate/Database/Console/Migrations/MigrateCommand->runMigrations()
#22 D:/ASZTAL/Új mappa (5)/SutusRobert_Backend/vendor/laravel/framework/src/Illuminate/Container/BoundMethod.php(36): Illuminate/Database/Console/Migrations/MigrateCommand->handle()
#23 D:/ASZTAL/Új mappa (5)/SutusRobert_Backend/vendor/laravel/framework/src/Illuminate/Container/Util.php(43): Illuminate/Container/BoundMethod::Illuminate/Container/{closure}()
#24 D:/ASZTAL/Új mappa (5)/SutusRobert_Backend/vendor/laravel/framework/src/Illuminate/Container/BoundMethod.php(96): Illuminate/Container/Util::unwrapIfClosure()
#25 D:/ASZTAL/Új mappa (5)/SutusRobert_Backend/vendor/laravel/framework/src/Illuminate/Container/BoundMethod.php(35): Illuminate/Container/BoundMethod::callBoundMethod()
#26 D:/ASZTAL/Új mappa (5)/SutusRobert_Backend/vendor/laravel/framework/src/Illuminate/Container/Container.php(799): Illuminate/Container/BoundMethod::call()
#27 D:/ASZTAL/Új mappa (5)/SutusRobert_Backend/vendor/laravel/framework/src/Illuminate/Console/Command.php(211): Illuminate/Container/Container->call()
#28 D:/ASZTAL/Új mappa (5)/SutusRobert_Backend/vendor/symfony/console/Command/Command.php(341): Illuminate/Console/Command->execute()
#29 D:/ASZTAL/Új mappa (5)/SutusRobert_Backend/vendor/laravel/framework/src/Illuminate/Console/Command.php(180): Symfony/Component/Console/Command/Command->run()
#30 D:/ASZTAL/Új mappa (5)/SutusRobert_Backend/vendor/symfony/console/Application.php(1117): Illuminate/Console/Command->run()
#31 D:/ASZTAL/Új mappa (5)/SutusRobert_Backend/vendor/symfony/console/Application.php(356): Symfony/Component/Console/Application->doRunCommand()
#32 D:/ASZTAL/Új mappa (5)/SutusRobert_Backend/vendor/symfony/console/Application.php(195): Symfony/Component/Console/Application->doRun()
#33 D:/ASZTAL/Új mappa (5)/SutusRobert_Backend/vendor/laravel/framework/src/Illuminate/Foundation/Console/Kernel.php(198): Symfony/Component/Console/Application->run()
#34 D:/ASZTAL/Új mappa (5)/SutusRobert_Backend/vendor/laravel/framework/src/Illuminate/Foundation/Application.php(1235): Illuminate/Foundation/Console/Kernel->handle()
#35 D:/ASZTAL/Új mappa (5)/SutusRobert_Backend/artisan(16): Illuminate/Foundation/Application->handleCommand()
#36 {main}
"} 
[2026-05-12 15:47:06] local.ERROR: SQLSTATE[HY000]: General error: 1824 Failed to open the referenced table 'kategoriak' (Connection: mysql, Host: 127.0.0.1, Port: 3306, Database: Ingatlan, SQL: alter table `ingatlanok` add constraint `ingatlanok_kategoria_foreign` foreign key (`kategoria`) references `kategoriak` (`id`)) {"exception":"[object] (Illuminate\\Database\\QueryException(code: HY000): SQLSTATE[HY000]: General error: 1824 Failed to open the referenced table 'kategoriak' (Connection: mysql, Host: 127.0.0.1, Port: 3306, Database: Ingatlan, SQL: alter table `ingatlanok` add constraint `ingatlanok_kategoria_foreign` foreign key (`kategoria`) references `kategoriak` (`id`)) at D:/ASZTAL/Új mappa (5)/SutusRobert_Backend/vendor/laravel/framework/src/Illuminate/Database/Connection.php:838)
[stacktrace]
#0 D:/ASZTAL/Új mappa (5)/SutusRobert_Backend/vendor/laravel/framework/src/Illuminate/Database/Connection.php(794): Illuminate/Database/Connection->runQueryCallback()
#1 D:/ASZTAL/Új mappa (5)/SutusRobert_Backend/vendor/laravel/framework/src/Illuminate/Database/Connection.php(573): Illuminate/Database/Connection->run()
#2 D:/ASZTAL/Új mappa (5)/SutusRobert_Backend/vendor/laravel/framework/src/Illuminate/Database/Schema/Blueprint.php(121): Illuminate/Database/Connection->statement()
#3 D:/ASZTAL/Új mappa (5)/SutusRobert_Backend/vendor/laravel/framework/src/Illuminate/Database/Schema/Builder.php(686): Illuminate/Database/Schema/Blueprint->build()
#4 D:/ASZTAL/Új mappa (5)/SutusRobert_Backend/vendor/laravel/framework/src/Illuminate/Database/Schema/Builder.php(506): Illuminate/Database/Schema/Builder->build()
#5 D:/ASZTAL/Új mappa (5)/SutusRobert_Backend/vendor/laravel/framework/src/Illuminate/Support/Facades/Facade.php(363): Illuminate/Database/Schema/Builder->create()
#6 D:/ASZTAL/Új mappa (5)/SutusRobert_Backend/database/migrations/2026_05_12_152320_create_ingatlanok_table.php(14): Illuminate/Support/Facades/Facade::__callStatic()
#7 D:/ASZTAL/Új mappa (5)/SutusRobert_Backend/vendor/laravel/framework/src/Illuminate/Database/Migrations/Migrator.php(517): Illuminate/Database/Migrations/Migration@anonymous->up()
#8 D:/ASZTAL/Új mappa (5)/SutusRobert_Backend/vendor/laravel/framework/src/Illuminate/Database/Migrations/Migrator.php(442): Illuminate/Database/Migrations/Migrator->runMethod()
#9 D:/ASZTAL/Új mappa (5)/SutusRobert_Backend/vendor/laravel/framework/src/Illuminate/Database/Migrations/Migrator.php(451): Illuminate/Database/Migrations/Migrator->Illuminate/Database/Migrations/{closure}()
#10 D:/ASZTAL/Új mappa (5)/SutusRobert_Backend/vendor/laravel/framework/src/Illuminate/Database/Migrations/Migrator.php(253): Illuminate/Database/Migrations/Migrator->runMigration()
#11 D:/ASZTAL/Új mappa (5)/SutusRobert_Backend/vendor/laravel/framework/src/Illuminate/Console/View/Components/Task.php(41): Illuminate/Database/Migrations/Migrator->Illuminate/Database/Migrations/{closure}()
#12 D:/ASZTAL/Új mappa (5)/SutusRobert_Backend/vendor/laravel/framework/src/Illuminate/Database/Migrations/Migrator.php(814): Illuminate/Console/View/Components/Task->render()
#13 D:/ASZTAL/Új mappa (5)/SutusRobert_Backend/vendor/laravel/framework/src/Illuminate/Database/Migrations/Migrator.php(253): Illuminate/Database/Migrations/Migrator->write()
#14 D:/ASZTAL/Új mappa (5)/SutusRobert_Backend/vendor/laravel/framework/src/Illuminate/Database/Migrations/Migrator.php(211): Illuminate/Database/Migrations/Migrator->runUp()
#15 D:/ASZTAL/Új mappa (5)/SutusRobert_Backend/vendor/laravel/framework/src/Illuminate/Database/Migrations/Migrator.php(138): Illuminate/Database/Migrations/Migrator->runPending()
#16 D:/ASZTAL/Új mappa (5)/SutusRobert_Backend/vendor/laravel/framework/src/Illuminate/Database/Console/Migrations/MigrateCommand.php(116): Illuminate/Database/Migrations/Migrator->run()
#17 D:/ASZTAL/Új mappa (5)/SutusRobert_Backend/vendor/laravel/framework/src/Illuminate/Database/Migrations/Migrator.php(671): Illuminate/Database/Console/Migrations/MigrateCommand->Illuminate/Database/Console/Migrations/{closure}()
#18 D:/ASZTAL/Új mappa (5)/SutusRobert_Backend/vendor/laravel/framework/src/Illuminate/Database/Console/Migrations/MigrateCommand.php(109): Illuminate/Database/Migrations/Migrator->usingConnection()
#19 D:/ASZTAL/Új mappa (5)/SutusRobert_Backend/vendor/laravel/framework/src/Illuminate/Database/Console/Migrations/MigrateCommand.php(88): Illuminate/Database/Console/Migrations/MigrateCommand->runMigrations()
#20 D:/ASZTAL/Új mappa (5)/SutusRobert_Backend/vendor/laravel/framework/src/Illuminate/Container/BoundMethod.php(36): Illuminate/Database/Console/Migrations/MigrateCommand->handle()
#21 D:/ASZTAL/Új mappa (5)/SutusRobert_Backend/vendor/laravel/framework/src/Illuminate/Container/Util.php(43): Illuminate/Container/BoundMethod::Illuminate/Container/{closure}()
#22 D:/ASZTAL/Új mappa (5)/SutusRobert_Backend/vendor/laravel/framework/src/Illuminate/Container/BoundMethod.php(96): Illuminate/Container/Util::unwrapIfClosure()
#23 D:/ASZTAL/Új mappa (5)/SutusRobert_Backend/vendor/laravel/framework/src/Illuminate/Container/BoundMethod.php(35): Illuminate/Container/BoundMethod::callBoundMethod()
#24 D:/ASZTAL/Új mappa (5)/SutusRobert_Backend/vendor/laravel/framework/src/Illuminate/Container/Container.php(799): Illuminate/Container/BoundMethod::call()
#25 D:/ASZTAL/Új mappa (5)/SutusRobert_Backend/vendor/laravel/framework/src/Illuminate/Console/Command.php(211): Illuminate/Container/Container->call()
#26 D:/ASZTAL/Új mappa (5)/SutusRobert_Backend/vendor/symfony/console/Command/Command.php(341): Illuminate/Console/Command->execute()
#27 D:/ASZTAL/Új mappa (5)/SutusRobert_Backend/vendor/laravel/framework/src/Illuminate/Console/Command.php(180): Symfony/Component/Console/Command/Command->run()
#28 D:/ASZTAL/Új mappa (5)/SutusRobert_Backend/vendor/symfony/console/Application.php(1117): Illuminate/Console/Command->run()
#29 D:/ASZTAL/Új mappa (5)/SutusRobert_Backend/vendor/symfony/console/Application.php(356): Symfony/Component/Console/Application->doRunCommand()
#30 D:/ASZTAL/Új mappa (5)/SutusRobert_Backend/vendor/symfony/console/Application.php(195): Symfony/Component/Console/Application->doRun()
#31 D:/ASZTAL/Új mappa (5)/SutusRobert_Backend/vendor/laravel/framework/src/Illuminate/Foundation/Console/Kernel.php(198): Symfony/Component/Console/Application->run()
#32 D:/ASZTAL/Új mappa (5)/SutusRobert_Backend/vendor/laravel/framework/src/Illuminate/Foundation/Application.php(1235): Illuminate/Foundation/Console/Kernel->handle()
#33 D:/ASZTAL/Új mappa (5)/SutusRobert_Backend/artisan(16): Illuminate/Foundation/Application->handleCommand()
#34 {main}

[previous exception] [object] (PDOException(code: HY000): SQLSTATE[HY000]: General error: 1824 Failed to open the referenced table 'kategoriak' at D:/ASZTAL/Új mappa (5)/SutusRobert_Backend/vendor/laravel/framework/src/Illuminate/Database/Connection.php:584)
[stacktrace]
#0 D:/ASZTAL/Új mappa (5)/SutusRobert_Backend/vendor/laravel/framework/src/Illuminate/Database/Connection.php(584): PDOStatement->execute()
#1 D:/ASZTAL/Új mappa (5)/SutusRobert_Backend/vendor/laravel/framework/src/Illuminate/Database/Connection.php(827): Illuminate/Database/Connection->Illuminate/Database/{closure}()
#2 D:/ASZTAL/Új mappa (5)/SutusRobert_Backend/vendor/laravel/framework/src/Illuminate/Database/Connection.php(794): Illuminate/Database/Connection->runQueryCallback()
#3 D:/ASZTAL/Új mappa (5)/SutusRobert_Backend/vendor/laravel/framework/src/Illuminate/Database/Connection.php(573): Illuminate/Database/Connection->run()
#4 D:/ASZTAL/Új mappa (5)/SutusRobert_Backend/vendor/laravel/framework/src/Illuminate/Database/Schema/Blueprint.php(121): Illuminate/Database/Connection->statement()
#5 D:/ASZTAL/Új mappa (5)/SutusRobert_Backend/vendor/laravel/framework/src/Illuminate/Database/Schema/Builder.php(686): Illuminate/Database/Schema/Blueprint->build()
#6 D:/ASZTAL/Új mappa (5)/SutusRobert_Backend/vendor/laravel/framework/src/Illuminate/Database/Schema/Builder.php(506): Illuminate/Database/Schema/Builder->build()
#7 D:/ASZTAL/Új mappa (5)/SutusRobert_Backend/vendor/laravel/framework/src/Illuminate/Support/Facades/Facade.php(363): Illuminate/Database/Schema/Builder->create()
#8 D:/ASZTAL/Új mappa (5)/SutusRobert_Backend/database/migrations/2026_05_12_152320_create_ingatlanok_table.php(14): Illuminate/Support/Facades/Facade::__callStatic()
#9 D:/ASZTAL/Új mappa (5)/SutusRobert_Backend/vendor/laravel/framework/src/Illuminate/Database/Migrations/Migrator.php(517): Illuminate/Database/Migrations/Migration@anonymous->up()
#10 D:/ASZTAL/Új mappa (5)/SutusRobert_Backend/vendor/laravel/framework/src/Illuminate/Database/Migrations/Migrator.php(442): Illuminate/Database/Migrations/Migrator->runMethod()
#11 D:/ASZTAL/Új mappa (5)/SutusRobert_Backend/vendor/laravel/framework/src/Illuminate/Database/Migrations/Migrator.php(451): Illuminate/Database/Migrations/Migrator->Illuminate/Database/Migrations/{closure}()
#12 D:/ASZTAL/Új mappa (5)/SutusRobert_Backend/vendor/laravel/framework/src/Illuminate/Database/Migrations/Migrator.php(253): Illuminate/Database/Migrations/Migrator->runMigration()
#13 D:/ASZTAL/Új mappa (5)/SutusRobert_Backend/vendor/laravel/framework/src/Illuminate/Console/View/Components/Task.php(41): Illuminate/Database/Migrations/Migrator->Illuminate/Database/Migrations/{closure}()
#14 D:/ASZTAL/Új mappa (5)/SutusRobert_Backend/vendor/laravel/framework/src/Illuminate/Database/Migrations/Migrator.php(814): Illuminate/Console/View/Components/Task->render()
#15 D:/ASZTAL/Új mappa (5)/SutusRobert_Backend/vendor/laravel/framework/src/Illuminate/Database/Migrations/Migrator.php(253): Illuminate/Database/Migrations/Migrator->write()
#16 D:/ASZTAL/Új mappa (5)/SutusRobert_Backend/vendor/laravel/framework/src/Illuminate/Database/Migrations/Migrator.php(211): Illuminate/Database/Migrations/Migrator->runUp()
#17 D:/ASZTAL/Új mappa (5)/SutusRobert_Backend/vendor/laravel/framework/src/Illuminate/Database/Migrations/Migrator.php(138): Illuminate/Database/Migrations/Migrator->runPending()
#18 D:/ASZTAL/Új mappa (5)/SutusRobert_Backend/vendor/laravel/framework/src/Illuminate/Database/Console/Migrations/MigrateCommand.php(116): Illuminate/Database/Migrations/Migrator->run()
#19 D:/ASZTAL/Új mappa (5)/SutusRobert_Backend/vendor/laravel/framework/src/Illuminate/Database/Migrations/Migrator.php(671): Illuminate/Database/Console/Migrations/MigrateCommand->Illuminate/Database/Console/Migrations/{closure}()
#20 D:/ASZTAL/Új mappa (5)/SutusRobert_Backend/vendor/laravel/framework/src/Illuminate/Database/Console/Migrations/MigrateCommand.php(109): Illuminate/Database/Migrations/Migrator->usingConnection()
#21 D:/ASZTAL/Új mappa (5)/SutusRobert_Backend/vendor/laravel/framework/src/Illuminate/Database/Console/Migrations/MigrateCommand.php(88): Illuminate/Database/Console/Migrations/MigrateCommand->runMigrations()
#22 D:/ASZTAL/Új mappa (5)/SutusRobert_Backend/vendor/laravel/framework/src/Illuminate/Container/BoundMethod.php(36): Illuminate/Database/Console/Migrations/MigrateCommand->handle()
#23 D:/ASZTAL/Új mappa (5)/SutusRobert_Backend/vendor/laravel/framework/src/Illuminate/Container/Util.php(43): Illuminate/Container/BoundMethod::Illuminate/Container/{closure}()
#24 D:/ASZTAL/Új mappa (5)/SutusRobert_Backend/vendor/laravel/framework/src/Illuminate/Container/BoundMethod.php(96): Illuminate/Container/Util::unwrapIfClosure()
#25 D:/ASZTAL/Új mappa (5)/SutusRobert_Backend/vendor/laravel/framework/src/Illuminate/Container/BoundMethod.php(35): Illuminate/Container/BoundMethod::callBoundMethod()
#26 D:/ASZTAL/Új mappa (5)/SutusRobert_Backend/vendor/laravel/framework/src/Illuminate/Container/Container.php(799): Illuminate/Container/BoundMethod::call()
#27 D:/ASZTAL/Új mappa (5)/SutusRobert_Backend/vendor/laravel/framework/src/Illuminate/Console/Command.php(211): Illuminate/Container/Container->call()
#28 D:/ASZTAL/Új mappa (5)/SutusRobert_Backend/vendor/symfony/console/Command/Command.php(341): Illuminate/Console/Command->execute()
#29 D:/ASZTAL/Új mappa (5)/SutusRobert_Backend/vendor/laravel/framework/src/Illuminate/Console/Command.php(180): Symfony/Component/Console/Command/Command->run()
#30 D:/ASZTAL/Új mappa (5)/SutusRobert_Backend/vendor/symfony/console/Application.php(1117): Illuminate/Console/Command->run()
#31 D:/ASZTAL/Új mappa (5)/SutusRobert_Backend/vendor/symfony/console/Application.php(356): Symfony/Component/Console/Application->doRunCommand()
#32 D:/ASZTAL/Új mappa (5)/SutusRobert_Backend/vendor/symfony/console/Application.php(195): Symfony/Component/Console/Application->doRun()
#33 D:/ASZTAL/Új mappa (5)/SutusRobert_Backend/vendor/laravel/framework/src/Illuminate/Foundation/Console/Kernel.php(198): Symfony/Component/Console/Application->run()
#34 D:/ASZTAL/Új mappa (5)/SutusRobert_Backend/vendor/laravel/framework/src/Illuminate/Foundation/Application.php(1235): Illuminate/Foundation/Console/Kernel->handle()
#35 D:/ASZTAL/Új mappa (5)/SutusRobert_Backend/artisan(16): Illuminate/Foundation/Application->handleCommand()
#36 {main}
"} 
[2026-05-12 15:47:27] local.ERROR: SQLSTATE[HY000]: General error: 1824 Failed to open the referenced table 'kategoriak' (Connection: mysql, Host: 127.0.0.1, Port: 3306, Database: Ingatlan, SQL: alter table `ingatlanok` add constraint `ingatlanok_kategoria_foreign` foreign key (`kategoria`) references `kategoriak` (`id`)) {"exception":"[object] (Illuminate\\Database\\QueryException(code: HY000): SQLSTATE[HY000]: General error: 1824 Failed to open the referenced table 'kategoriak' (Connection: mysql, Host: 127.0.0.1, Port: 3306, Database: Ingatlan, SQL: alter table `ingatlanok` add constraint `ingatlanok_kategoria_foreign` foreign key (`kategoria`) references `kategoriak` (`id`)) at D:/ASZTAL/Új mappa (5)/SutusRobert_Backend/vendor/laravel/framework/src/Illuminate/Database/Connection.php:838)
[stacktrace]
#0 D:/ASZTAL/Új mappa (5)/SutusRobert_Backend/vendor/laravel/framework/src/Illuminate/Database/Connection.php(794): Illuminate/Database/Connection->runQueryCallback()
#1 D:/ASZTAL/Új mappa (5)/SutusRobert_Backend/vendor/laravel/framework/src/Illuminate/Database/Connection.php(573): Illuminate/Database/Connection->run()
#2 D:/ASZTAL/Új mappa (5)/SutusRobert_Backend/vendor/laravel/framework/src/Illuminate/Database/Schema/Blueprint.php(121): Illuminate/Database/Connection->statement()
#3 D:/ASZTAL/Új mappa (5)/SutusRobert_Backend/vendor/laravel/framework/src/Illuminate/Database/Schema/Builder.php(686): Illuminate/Database/Schema/Blueprint->build()
#4 D:/ASZTAL/Új mappa (5)/SutusRobert_Backend/vendor/laravel/framework/src/Illuminate/Database/Schema/Builder.php(506): Illuminate/Database/Schema/Builder->build()
#5 D:/ASZTAL/Új mappa (5)/SutusRobert_Backend/vendor/laravel/framework/src/Illuminate/Support/Facades/Facade.php(363): Illuminate/Database/Schema/Builder->create()
#6 D:/ASZTAL/Új mappa (5)/SutusRobert_Backend/database/migrations/2026_05_12_152320_create_ingatlanok_table.php(14): Illuminate/Support/Facades/Facade::__callStatic()
#7 D:/ASZTAL/Új mappa (5)/SutusRobert_Backend/vendor/laravel/framework/src/Illuminate/Database/Migrations/Migrator.php(517): Illuminate/Database/Migrations/Migration@anonymous->up()
#8 D:/ASZTAL/Új mappa (5)/SutusRobert_Backend/vendor/laravel/framework/src/Illuminate/Database/Migrations/Migrator.php(442): Illuminate/Database/Migrations/Migrator->runMethod()
#9 D:/ASZTAL/Új mappa (5)/SutusRobert_Backend/vendor/laravel/framework/src/Illuminate/Database/Migrations/Migrator.php(451): Illuminate/Database/Migrations/Migrator->Illuminate/Database/Migrations/{closure}()
#10 D:/ASZTAL/Új mappa (5)/SutusRobert_Backend/vendor/laravel/framework/src/Illuminate/Database/Migrations/Migrator.php(253): Illuminate/Database/Migrations/Migrator->runMigration()
#11 D:/ASZTAL/Új mappa (5)/SutusRobert_Backend/vendor/laravel/framework/src/Illuminate/Console/View/Components/Task.php(41): Illuminate/Database/Migrations/Migrator->Illuminate/Database/Migrations/{closure}()
#12 D:/ASZTAL/Új mappa (5)/SutusRobert_Backend/vendor/laravel/framework/src/Illuminate/Database/Migrations/Migrator.php(814): Illuminate/Console/View/Components/Task->render()
#13 D:/ASZTAL/Új mappa (5)/SutusRobert_Backend/vendor/laravel/framework/src/Illuminate/Database/Migrations/Migrator.php(253): Illuminate/Database/Migrations/Migrator->write()
#14 D:/ASZTAL/Új mappa (5)/SutusRobert_Backend/vendor/laravel/framework/src/Illuminate/Database/Migrations/Migrator.php(211): Illuminate/Database/Migrations/Migrator->runUp()
#15 D:/ASZTAL/Új mappa (5)/SutusRobert_Backend/vendor/laravel/framework/src/Illuminate/Database/Migrations/Migrator.php(138): Illuminate/Database/Migrations/Migrator->runPending()
#16 D:/ASZTAL/Új mappa (5)/SutusRobert_Backend/vendor/laravel/framework/src/Illuminate/Database/Console/Migrations/MigrateCommand.php(116): Illuminate/Database/Migrations/Migrator->run()
#17 D:/ASZTAL/Új mappa (5)/SutusRobert_Backend/vendor/laravel/framework/src/Illuminate/Database/Migrations/Migrator.php(671): Illuminate/Database/Console/Migrations/MigrateCommand->Illuminate/Database/Console/Migrations/{closure}()
#18 D:/ASZTAL/Új mappa (5)/SutusRobert_Backend/vendor/laravel/framework/src/Illuminate/Database/Console/Migrations/MigrateCommand.php(109): Illuminate/Database/Migrations/Migrator->usingConnection()
#19 D:/ASZTAL/Új mappa (5)/SutusRobert_Backend/vendor/laravel/framework/src/Illuminate/Database/Console/Migrations/MigrateCommand.php(88): Illuminate/Database/Console/Migrations/MigrateCommand->runMigrations()
#20 D:/ASZTAL/Új mappa (5)/SutusRobert_Backend/vendor/laravel/framework/src/Illuminate/Container/BoundMethod.php(36): Illuminate/Database/Console/Migrations/MigrateCommand->handle()
#21 D:/ASZTAL/Új mappa (5)/SutusRobert_Backend/vendor/laravel/framework/src/Illuminate/Container/Util.php(43): Illuminate/Container/BoundMethod::Illuminate/Container/{closure}()
#22 D:/ASZTAL/Új mappa (5)/SutusRobert_Backend/vendor/laravel/framework/src/Illuminate/Container/BoundMethod.php(96): Illuminate/Container/Util::unwrapIfClosure()
#23 D:/ASZTAL/Új mappa (5)/SutusRobert_Backend/vendor/laravel/framework/src/Illuminate/Container/BoundMethod.php(35): Illuminate/Container/BoundMethod::callBoundMethod()
#24 D:/ASZTAL/Új mappa (5)/SutusRobert_Backend/vendor/laravel/framework/src/Illuminate/Container/Container.php(799): Illuminate/Container/BoundMethod::call()
#25 D:/ASZTAL/Új mappa (5)/SutusRobert_Backend/vendor/laravel/framework/src/Illuminate/Console/Command.php(211): Illuminate/Container/Container->call()
#26 D:/ASZTAL/Új mappa (5)/SutusRobert_Backend/vendor/symfony/console/Command/Command.php(341): Illuminate/Console/Command->execute()
#27 D:/ASZTAL/Új mappa (5)/SutusRobert_Backend/vendor/laravel/framework/src/Illuminate/Console/Command.php(180): Symfony/Component/Console/Command/Command->run()
#28 D:/ASZTAL/Új mappa (5)/SutusRobert_Backend/vendor/symfony/console/Application.php(1117): Illuminate/Console/Command->run()
#29 D:/ASZTAL/Új mappa (5)/SutusRobert_Backend/vendor/symfony/console/Application.php(356): Symfony/Component/Console/Application->doRunCommand()
#30 D:/ASZTAL/Új mappa (5)/SutusRobert_Backend/vendor/symfony/console/Application.php(195): Symfony/Component/Console/Application->doRun()
#31 D:/ASZTAL/Új mappa (5)/SutusRobert_Backend/vendor/laravel/framework/src/Illuminate/Foundation/Console/Kernel.php(198): Symfony/Component/Console/Application->run()
#32 D:/ASZTAL/Új mappa (5)/SutusRobert_Backend/vendor/laravel/framework/src/Illuminate/Foundation/Application.php(1235): Illuminate/Foundation/Console/Kernel->handle()
#33 D:/ASZTAL/Új mappa (5)/SutusRobert_Backend/artisan(16): Illuminate/Foundation/Application->handleCommand()
#34 {main}

[previous exception] [object] (PDOException(code: HY000): SQLSTATE[HY000]: General error: 1824 Failed to open the referenced table 'kategoriak' at D:/ASZTAL/Új mappa (5)/SutusRobert_Backend/vendor/laravel/framework/src/Illuminate/Database/Connection.php:584)
[stacktrace]
#0 D:/ASZTAL/Új mappa (5)/SutusRobert_Backend/vendor/laravel/framework/src/Illuminate/Database/Connection.php(584): PDOStatement->execute()
#1 D:/ASZTAL/Új mappa (5)/SutusRobert_Backend/vendor/laravel/framework/src/Illuminate/Database/Connection.php(827): Illuminate/Database/Connection->Illuminate/Database/{closure}()
#2 D:/ASZTAL/Új mappa (5)/SutusRobert_Backend/vendor/laravel/framework/src/Illuminate/Database/Connection.php(794): Illuminate/Database/Connection->runQueryCallback()
#3 D:/ASZTAL/Új mappa (5)/SutusRobert_Backend/vendor/laravel/framework/src/Illuminate/Database/Connection.php(573): Illuminate/Database/Connection->run()
#4 D:/ASZTAL/Új mappa (5)/SutusRobert_Backend/vendor/laravel/framework/src/Illuminate/Database/Schema/Blueprint.php(121): Illuminate/Database/Connection->statement()
#5 D:/ASZTAL/Új mappa (5)/SutusRobert_Backend/vendor/laravel/framework/src/Illuminate/Database/Schema/Builder.php(686): Illuminate/Database/Schema/Blueprint->build()
#6 D:/ASZTAL/Új mappa (5)/SutusRobert_Backend/vendor/laravel/framework/src/Illuminate/Database/Schema/Builder.php(506): Illuminate/Database/Schema/Builder->build()
#7 D:/ASZTAL/Új mappa (5)/SutusRobert_Backend/vendor/laravel/framework/src/Illuminate/Support/Facades/Facade.php(363): Illuminate/Database/Schema/Builder->create()
#8 D:/ASZTAL/Új mappa (5)/SutusRobert_Backend/database/migrations/2026_05_12_152320_create_ingatlanok_table.php(14): Illuminate/Support/Facades/Facade::__callStatic()
#9 D:/ASZTAL/Új mappa (5)/SutusRobert_Backend/vendor/laravel/framework/src/Illuminate/Database/Migrations/Migrator.php(517): Illuminate/Database/Migrations/Migration@anonymous->up()
#10 D:/ASZTAL/Új mappa (5)/SutusRobert_Backend/vendor/laravel/framework/src/Illuminate/Database/Migrations/Migrator.php(442): Illuminate/Database/Migrations/Migrator->runMethod()
#11 D:/ASZTAL/Új mappa (5)/SutusRobert_Backend/vendor/laravel/framework/src/Illuminate/Database/Migrations/Migrator.php(451): Illuminate/Database/Migrations/Migrator->Illuminate/Database/Migrations/{closure}()
#12 D:/ASZTAL/Új mappa (5)/SutusRobert_Backend/vendor/laravel/framework/src/Illuminate/Database/Migrations/Migrator.php(253): Illuminate/Database/Migrations/Migrator->runMigration()
#13 D:/ASZTAL/Új mappa (5)/SutusRobert_Backend/vendor/laravel/framework/src/Illuminate/Console/View/Components/Task.php(41): Illuminate/Database/Migrations/Migrator->Illuminate/Database/Migrations/{closure}()
#14 D:/ASZTAL/Új mappa (5)/SutusRobert_Backend/vendor/laravel/framework/src/Illuminate/Database/Migrations/Migrator.php(814): Illuminate/Console/View/Components/Task->render()
#15 D:/ASZTAL/Új mappa (5)/SutusRobert_Backend/vendor/laravel/framework/src/Illuminate/Database/Migrations/Migrator.php(253): Illuminate/Database/Migrations/Migrator->write()
#16 D:/ASZTAL/Új mappa (5)/SutusRobert_Backend/vendor/laravel/framework/src/Illuminate/Database/Migrations/Migrator.php(211): Illuminate/Database/Migrations/Migrator->runUp()
#17 D:/ASZTAL/Új mappa (5)/SutusRobert_Backend/vendor/laravel/framework/src/Illuminate/Database/Migrations/Migrator.php(138): Illuminate/Database/Migrations/Migrator->runPending()
#18 D:/ASZTAL/Új mappa (5)/SutusRobert_Backend/vendor/laravel/framework/src/Illuminate/Database/Console/Migrations/MigrateCommand.php(116): Illuminate/Database/Migrations/Migrator->run()
#19 D:/ASZTAL/Új mappa (5)/SutusRobert_Backend/vendor/laravel/framework/src/Illuminate/Database/Migrations/Migrator.php(671): Illuminate/Database/Console/Migrations/MigrateCommand->Illuminate/Database/Console/Migrations/{closure}()
#20 D:/ASZTAL/Új mappa (5)/SutusRobert_Backend/vendor/laravel/framework/src/Illuminate/Database/Console/Migrations/MigrateCommand.php(109): Illuminate/Database/Migrations/Migrator->usingConnection()
#21 D:/ASZTAL/Új mappa (5)/SutusRobert_Backend/vendor/laravel/framework/src/Illuminate/Database/Console/Migrations/MigrateCommand.php(88): Illuminate/Database/Console/Migrations/MigrateCommand->runMigrations()
#22 D:/ASZTAL/Új mappa (5)/SutusRobert_Backend/vendor/laravel/framework/src/Illuminate/Container/BoundMethod.php(36): Illuminate/Database/Console/Migrations/MigrateCommand->handle()
#23 D:/ASZTAL/Új mappa (5)/SutusRobert_Backend/vendor/laravel/framework/src/Illuminate/Container/Util.php(43): Illuminate/Container/BoundMethod::Illuminate/Container/{closure}()
#24 D:/ASZTAL/Új mappa (5)/SutusRobert_Backend/vendor/laravel/framework/src/Illuminate/Container/BoundMethod.php(96): Illuminate/Container/Util::unwrapIfClosure()
#25 D:/ASZTAL/Új mappa (5)/SutusRobert_Backend/vendor/laravel/framework/src/Illuminate/Container/BoundMethod.php(35): Illuminate/Container/BoundMethod::callBoundMethod()
#26 D:/ASZTAL/Új mappa (5)/SutusRobert_Backend/vendor/laravel/framework/src/Illuminate/Container/Container.php(799): Illuminate/Container/BoundMethod::call()
#27 D:/ASZTAL/Új mappa (5)/SutusRobert_Backend/vendor/laravel/framework/src/Illuminate/Console/Command.php(211): Illuminate/Container/Container->call()
#28 D:/ASZTAL/Új mappa (5)/SutusRobert_Backend/vendor/symfony/console/Command/Command.php(341): Illuminate/Console/Command->execute()
#29 D:/ASZTAL/Új mappa (5)/SutusRobert_Backend/vendor/laravel/framework/src/Illuminate/Console/Command.php(180): Symfony/Component/Console/Command/Command->run()
#30 D:/ASZTAL/Új mappa (5)/SutusRobert_Backend/vendor/symfony/console/Application.php(1117): Illuminate/Console/Command->run()
#31 D:/ASZTAL/Új mappa (5)/SutusRobert_Backend/vendor/symfony/console/Application.php(356): Symfony/Component/Console/Application->doRunCommand()
#32 D:/ASZTAL/Új mappa (5)/SutusRobert_Backend/vendor/symfony/console/Application.php(195): Symfony/Component/Console/Application->doRun()
#33 D:/ASZTAL/Új mappa (5)/SutusRobert_Backend/vendor/laravel/framework/src/Illuminate/Foundation/Console/Kernel.php(198): Symfony/Component/Console/Application->run()
#34 D:/ASZTAL/Új mappa (5)/SutusRobert_Backend/vendor/laravel/framework/src/Illuminate/Foundation/Application.php(1235): Illuminate/Foundation/Console/Kernel->handle()
#35 D:/ASZTAL/Új mappa (5)/SutusRobert_Backend/artisan(16): Illuminate/Foundation/Application->handleCommand()
#36 {main}
"} 
